iso_code,continent,location,date,total_cases,new_cases,new_cases_smoothed,total_deaths,new_deaths,new_deaths_smoothed,total_cases_per_million,new_cases_per_million,new_cases_smoothed_per_million,total_deaths_per_million,new_deaths_per_million,new_deaths_smoothed_per_million,reproduction_rate,icu_patients,icu_patients_per_million,hosp_patients,hosp_patients_per_million,weekly_icu_admissions,weekly_icu_admissions_per_million,weekly_hosp_admissions,weekly_hosp_admissions_per_million,total_tests,new_tests,total_tests_per_thousand,new_tests_per_thousand,new_tests_smoothed,new_tests_smoothed_per_thousand,positive_rate,tests_per_case,tests_units,stringency_index,population,population_density,median_age,aged_65_older,aged_70_older,gdp_per_capita,extreme_poverty,cardiovasc_death_rate,diabetes_prevalence,female_smokers,male_smokers,handwashing_facilities,hospital_beds_per_thousand,life_expectancy,human_development_index
BGR,Europe,Bulgaria,2020-01-23,,0.0,,,0.0,,,0.0,,,0.0,,,,,,,,,,,,,,,,,,,,0.0,6948445.0,65.18,44.7,20.801,13.272,18563.307,1.5,424.688,5.81,30.1,44.4,,7.454,75.05,0.813
BGR,Europe,Bulgaria,2020-01-24,,0.0,,,0.0,,,0.0,,,0.0,,,,,,,,,,,,,,,,,,,,0.0,6948445.0,65.18,44.7,20.801,13.272,18563.307,1.5,424.688,5.81,30.1,44.4,,7.454,75.05,0.813
BGR,Europe,Bulgaria,2020-01-25,,0.0,,,0.0,,,0.0,,,0.0,,,,,,,,,,,,,,,,,,,,0.0,6948445.0,65.18,44.7,20.801,13.272,18563.307,1.5,424.688,5.81,30.1,44.4,,7.454,75.05,0.813
BGR,Europe,Bulgaria,2020-01-26,,0.0,,,0.0,,,0.0,,,0.0,,,,,,,,,,,,,,,,,,,,0.0,6948445.0,65.18,44.7,20.801,13.272,18563.307,1.5,424.688,5.81,30.1,44.4,,7.454,75.05,0.813
BGR,Europe,Bulgaria,2020-01-27,,0.0,,,0.0,,,0.0,,,0.0,,,,,,,,,,,,,,,,,,,,0.0,6948445.0,65.18,44.7,20.801,13.272,18563.307,1.5,424.688,5.81,30.1,44.4,,7.454,75.05,0.813
BGR,Europe,Bulgaria,2020-01-28,,0.0,0.0,,0.0,0.0,,0.0,0.0,,0.0,0.0,,,,,,,,,,,,,,,,,,,0.0,6948445.0,65.18,44.7,20.801,13.272,18563.307,1.5,424.688,5.81,30.1,44.4,,7.454,75.05,0.813
BGR,Europe,Bulgaria,2020-01-29,,0.0,0.0,,0.0,0.0,,0.0,0.0,,0.0,0.0,,,,,,,,,,,,,,,,,,,0.0,6948445.0,65.18,44.7,20.801,13.272,18563.307,1.5,424.688,5.81,30.1,44.4,,7.454,75.05,0.813
BGR,Europe,Bulgaria,2020-01-30,,0.0,0.0,,0.0,0.0,,0.0,0.0,,0.0,0.0,,,,,,,,,,,,,,,,,,,0.0,6948445.0,65.18,44.7,20.801,13.272,18563.307,1.5,424.688,5.81,30.1,44.4,,7.454,75.05,0.813
BGR,Europe,Bulgaria,2020-01-31,,0.0,0.0,,0.0,0.0,,0.0,0.0,,0.0,0.0,,,,,,,,,,,,,,,,,,,0.0,6948445.0,65.18,44.7,20.801,13.272,18563.307,1.5,424.688,5.81,30.1,44.4,,7.454,75.05,0.813
BGR,Europe,Bulgaria,2020-02-01,,0.0,0.0,,0.0,0.0,,0.0,0.0,,0.0,0.0,,,,,,,,,,,,,,,,,,,0.0,6948445.0,65.18,44.7,20.801,13.272,18563.307,1.5,424.688,5.81,30.1,44.4,,7.454,75.05,0.813
BGR,Europe,Bulgaria,2020-02-02,,0.0,0.0,,0.0,0.0,,0.0,0.0,,0.0,0.0,,,,,,,,,,,,,,,,,,,0.0,6948445.0,65.18,44.7,20.801,13.272,18563.307,1.5,424.688,5.81,30.1,44.4,,7.454,75.05,0.813
BGR,Europe,Bulgaria,2020-02-03,,0.0,0.0,,0.0,0.0,,0.0,0.0,,0.0,0.0,,,,,,,,,,,,,,,,,,,2.78,6948445.0,65.18,44.7,20.801,13.272,18563.307,1.5,424.688,5.81,30.1,44.4,,7.454,75.05,0.813
BGR,Europe,Bulgaria,2020-02-04,,0.0,0.0,,0.0,0.0,,0.0,0.0,,0.0,0.0,,,,,,,,,,,,,,,,,,,2.78,6948445.0,65.18,44.7,20.801,13.272,18563.307,1.5,424.688,5.81,30.1,44.4,,7.454,75.05,0.813
BGR,Europe,Bulgaria,2020-02-05,,0.0,0.0,,0.0,0.0,,0.0,0.0,,0.0,0.0,,,,,,,,,,,,,,,,,,,2.78,6948445.0,65.18,44.7,20.801,13.272,18563.307,1.5,424.688,5.81,30.1,44.4,,7.454,75.05,0.813
BGR,Europe,Bulgaria,2020-02-06,,0.0,0.0,,0.0,0.0,,0.0,0.0,,0.0,0.0,,,,,,,,,,,,,,,,,,,2.78,6948445.0,65.18,44.7,20.801,13.272,18563.307,1.5,424.688,5.81,30.1,44.4,,7.454,75.05,0.813
BGR,Europe,Bulgaria,2020-02-07,,0.0,0.0,,0.0,0.0,,0.0,0.0,,0.0,0.0,,,,,,,,,,,,,,,,,,,2.78,6948445.0,65.18,44.7,20.801,13.272,18563.307,1.5,424.688,5.81,30.1,44.4,,7.454,75.05,0.813
BGR,Europe,Bulgaria,2020-02-08,,0.0,0.0,,0.0,0.0,,0.0,0.0,,0.0,0.0,,,,,,,,,,,,,,,,,,,2.78,6948445.0,65.18,44.7,20.801,13.272,18563.307,1.5,424.688,5.81,30.1,44.4,,7.454,75.05,0.813
BGR,Europe,Bulgaria,2020-02-09,,0.0,0.0,,0.0,0.0,,0.0,0.0,,0.0,0.0,,,,,,,,,,,,,,,,,,,2.78,6948445.0,65.18,44.7,20.801,13.272,18563.307,1.5,424.688,5.81,30.1,44.4,,7.454,75.05,0.813
BGR,Europe,Bulgaria,2020-02-10,,0.0,0.0,,0.0,0.0,,0.0,0.0,,0.0,0.0,,,,,,,,,,,,,,,,,,,2.78,6948445.0,65.18,44.7,20.801,13.272,18563.307,1.5,424.688,5.81,30.1,44.4,,7.454,75.05,0.813
BGR,Europe,Bulgaria,2020-02-11,,0.0,0.0,,0.0,0.0,,0.0,0.0,,0.0,0.0,,,,,,,,,,,,,,,,,,,8.33,6948445.0,65.18,44.7,20.801,13.272,18563.307,1.5,424.688,5.81,30.1,44.4,,7.454,75.05,0.813
BGR,Europe,Bulgaria,2020-02-12,,0.0,0.0,,0.0,0.0,,0.0,0.0,,0.0,0.0,,,,,,,,,,,,,,,,,,,8.33,6948445.0,65.18,44.7,20.801,13.272,18563.307,1.5,424.688,5.81,30.1,44.4,,7.454,75.05,0.813
BGR,Europe,Bulgaria,2020-02-13,,0.0,0.0,,0.0,0.0,,0.0,0.0,,0.0,0.0,,,,,,,,,,,,,,,,,,,8.33,6948445.0,65.18,44.7,20.801,13.272,18563.307,1.5,424.688,5.81,30.1,44.4,,7.454,75.05,0.813
BGR,Europe,Bulgaria,2020-02-14,,0.0,0.0,,0.0,0.0,,0.0,0.0,,0.0,0.0,,,,,,,,,,,,,,,,,,,8.33,6948445.0,65.18,44.7,20.801,13.272,18563.307,1.5,424.688,5.81,30.1,44.4,,7.454,75.05,0.813
BGR,Europe,Bulgaria,2020-02-15,,0.0,0.0,,0.0,0.0,,0.0,0.0,,0.0,0.0,,,,,,,,,,,,,,,,,,,8.33,6948445.0,65.18,44.7,20.801,13.272,18563.307,1.5,424.688,5.81,30.1,44.4,,7.454,75.05,0.813
BGR,Europe,Bulgaria,2020-02-16,,0.0,0.0,,0.0,0.0,,0.0,0.0,,0.0,0.0,,,,,,,,,,,,,,,,,,,8.33,6948445.0,65.18,44.7,20.801,13.272,18563.307,1.5,424.688,5.81,30.1,44.4,,7.454,75.05,0.813
BGR,Europe,Bulgaria,2020-02-17,,0.0,0.0,,0.0,0.0,,0.0,0.0,,0.0,0.0,,,,,,,,,,,,,,,,,,,8.33,6948445.0,65.18,44.7,20.801,13.272,18563.307,1.5,424.688,5.81,30.1,44.4,,7.454,75.05,0.813
BGR,Europe,Bulgaria,2020-02-18,,0.0,0.0,,0.0,0.0,,0.0,0.0,,0.0,0.0,,,,,,,,,,,,,,,,,,,8.33,6948445.0,65.18,44.7,20.801,13.272,18563.307,1.5,424.688,5.81,30.1,44.4,,7.454,75.05,0.813
BGR,Europe,Bulgaria,2020-02-19,,0.0,0.0,,0.0,0.0,,0.0,0.0,,0.0,0.0,,,,,,,,,,,,,,,,,,,8.33,6948445.0,65.18,44.7,20.801,13.272,18563.307,1.5,424.688,5.81,30.1,44.4,,7.454,75.05,0.813
BGR,Europe,Bulgaria,2020-02-20,,0.0,0.0,,0.0,0.0,,0.0,0.0,,0.0,0.0,,,,,,,,,,,,,,,,,,,8.33,6948445.0,65.18,44.7,20.801,13.272,18563.307,1.5,424.688,5.81,30.1,44.4,,7.454,75.05,0.813
BGR,Europe,Bulgaria,2020-02-21,,0.0,0.0,,0.0,0.0,,0.0,0.0,,0.0,0.0,,,,,,,,,,,,,,,,,,,8.33,6948445.0,65.18,44.7,20.801,13.272,18563.307,1.5,424.688,5.81,30.1,44.4,,7.454,75.05,0.813
BGR,Europe,Bulgaria,2020-02-22,,0.0,0.0,,0.0,0.0,,0.0,0.0,,0.0,0.0,,,,,,,,,,,,,,,,,,,8.33,6948445.0,65.18,44.7,20.801,13.272,18563.307,1.5,424.688,5.81,30.1,44.4,,7.454,75.05,0.813
BGR,Europe,Bulgaria,2020-02-23,,0.0,0.0,,0.0,0.0,,0.0,0.0,,0.0,0.0,,,,,,,,,,,,,,,,,,,8.33,6948445.0,65.18,44.7,20.801,13.272,18563.307,1.5,424.688,5.81,30.1,44.4,,7.454,75.05,0.813
BGR,Europe,Bulgaria,2020-02-24,,0.0,0.0,,0.0,0.0,,0.0,0.0,,0.0,0.0,,,,,,,,,,,,,,,,,,,13.89,6948445.0,65.18,44.7,20.801,13.272,18563.307,1.5,424.688,5.81,30.1,44.4,,7.454,75.05,0.813
BGR,Europe,Bulgaria,2020-02-25,,0.0,0.0,,0.0,0.0,,0.0,0.0,,0.0,0.0,,,,,,,,,,,,,,,,,,,13.89,6948445.0,65.18,44.7,20.801,13.272,18563.307,1.5,424.688,5.81,30.1,44.4,,7.454,75.05,0.813
BGR,Europe,Bulgaria,2020-02-26,,0.0,0.0,,0.0,0.0,,0.0,0.0,,0.0,0.0,,,,,,,,,,,,,,,,,,,13.89,6948445.0,65.18,44.7,20.801,13.272,18563.307,1.5,424.688,5.81,30.1,44.4,,7.454,75.05,0.813
BGR,Europe,Bulgaria,2020-02-27,,0.0,0.0,,0.0,0.0,,0.0,0.0,,0.0,0.0,,,,,,,,,,,,,,,,,,,13.89,6948445.0,65.18,44.7,20.801,13.272,18563.307,1.5,424.688,5.81,30.1,44.4,,7.454,75.05,0.813
BGR,Europe,Bulgaria,2020-02-28,,0.0,0.0,,0.0,0.0,,0.0,0.0,,0.0,0.0,,,,,,,,,,,,,,,,,,,13.89,6948445.0,65.18,44.7,20.801,13.272,18563.307,1.5,424.688,5.81,30.1,44.4,,7.454,75.05,0.813
BGR,Europe,Bulgaria,2020-02-29,,0.0,0.0,,0.0,0.0,,0.0,0.0,,0.0,0.0,,,,,,,,,,,,,,,,,,,13.89,6948445.0,65.18,44.7,20.801,13.272,18563.307,1.5,424.688,5.81,30.1,44.4,,7.454,75.05,0.813
BGR,Europe,Bulgaria,2020-03-01,,0.0,0.0,,0.0,0.0,,0.0,0.0,,0.0,0.0,,,,,,,,,,,,,,,,,,,13.89,6948445.0,65.18,44.7,20.801,13.272,18563.307,1.5,424.688,5.81,30.1,44.4,,7.454,75.05,0.813
BGR,Europe,Bulgaria,2020-03-02,,0.0,0.0,,0.0,0.0,,0.0,0.0,,0.0,0.0,,,,,,,,,,,,,,,,,,,13.89,6948445.0,65.18,44.7,20.801,13.272,18563.307,1.5,424.688,5.81,30.1,44.4,,7.454,75.05,0.813
BGR,Europe,Bulgaria,2020-03-03,,0.0,0.0,,0.0,0.0,,0.0,0.0,,0.0,0.0,,,,,,,,,,,,,,,,,,,13.89,6948445.0,65.18,44.7,20.801,13.272,18563.307,1.5,424.688,5.81,30.1,44.4,,7.454,75.05,0.813
BGR,Europe,Bulgaria,2020-03-04,,0.0,0.0,,0.0,0.0,,0.0,0.0,,0.0,0.0,,,,,,,,,,,,,,,,,,,13.89,6948445.0,65.18,44.7,20.801,13.272,18563.307,1.5,424.688,5.81,30.1,44.4,,7.454,75.05,0.813
BGR,Europe,Bulgaria,2020-03-05,,0.0,0.0,,0.0,0.0,,0.0,0.0,,0.0,0.0,,,,,,,,,,,,,,,,,,,21.3,6948445.0,65.18,44.7,20.801,13.272,18563.307,1.5,424.688,5.81,30.1,44.4,,7.454,75.05,0.813
BGR,Europe,Bulgaria,2020-03-06,,0.0,0.0,,0.0,0.0,,0.0,0.0,,0.0,0.0,,,,,,,,,,,,,,,,,,,21.3,6948445.0,65.18,44.7,20.801,13.272,18563.307,1.5,424.688,5.81,30.1,44.4,,7.454,75.05,0.813
BGR,Europe,Bulgaria,2020-03-07,,0.0,0.0,,0.0,0.0,,0.0,0.0,,0.0,0.0,,,,,,,,,,,,,,,,,,,21.3,6948445.0,65.18,44.7,20.801,13.272,18563.307,1.5,424.688,5.81,30.1,44.4,,7.454,75.05,0.813
BGR,Europe,Bulgaria,2020-03-08,4.0,4.0,0.571,,0.0,0.0,0.576,0.576,0.082,,0.0,0.0,,,,,,,,,,,,,,,,,,,21.3,6948445.0,65.18,44.7,20.801,13.272,18563.307,1.5,424.688,5.81,30.1,44.4,,7.454,75.05,0.813
BGR,Europe,Bulgaria,2020-03-09,4.0,0.0,0.571,,0.0,0.0,0.576,0.0,0.082,,0.0,0.0,,,,,,,,,,,,,,,,,,,21.3,6948445.0,65.18,44.7,20.801,13.272,18563.307,1.5,424.688,5.81,30.1,44.4,,7.454,75.05,0.813
BGR,Europe,Bulgaria,2020-03-10,4.0,0.0,0.571,,0.0,0.0,0.576,0.0,0.082,,0.0,0.0,,,,,,,,,,,,,,,,,,,21.3,6948445.0,65.18,44.7,20.801,13.272,18563.307,1.5,424.688,5.81,30.1,44.4,,7.454,75.05,0.813
BGR,Europe,Bulgaria,2020-03-11,7.0,3.0,1.0,1.0,1.0,0.143,1.007,0.432,0.144,0.144,0.144,0.021,,,,,,,,,,,,,,,,,,,26.85,6948445.0,65.18,44.7,20.801,13.272,18563.307,1.5,424.688,5.81,30.1,44.4,,7.454,75.05,0.813
BGR,Europe,Bulgaria,2020-03-12,7.0,0.0,1.0,1.0,0.0,0.143,1.007,0.0,0.144,0.144,0.0,0.021,,,,,,,,,,,,,,,,,,,26.85,6948445.0,65.18,44.7,20.801,13.272,18563.307,1.5,424.688,5.81,30.1,44.4,,7.454,75.05,0.813
BGR,Europe,Bulgaria,2020-03-13,23.0,16.0,3.286,1.0,0.0,0.143,3.31,2.303,0.473,0.144,0.0,0.021,,,,,,,,,,,,,,,,,,,50.93,6948445.0,65.18,44.7,20.801,13.272,18563.307,1.5,424.688,5.81,30.1,44.4,,7.454,75.05,0.813
BGR,Europe,Bulgaria,2020-03-14,41.0,18.0,5.857,2.0,1.0,0.286,5.901,2.591,0.843,0.288,0.144,0.041,,,,,,,,,,,,,,,,,,,50.93,6948445.0,65.18,44.7,20.801,13.272,18563.307,1.5,424.688,5.81,30.1,44.4,,7.454,75.05,0.813
BGR,Europe,Bulgaria,2020-03-15,51.0,10.0,6.714,2.0,0.0,0.286,7.34,1.439,0.966,0.288,0.0,0.041,,,,,,,,,,,,,,,,,,,50.93,6948445.0,65.18,44.7,20.801,13.272,18563.307,1.5,424.688,5.81,30.1,44.4,,7.454,75.05,0.813
BGR,Europe,Bulgaria,2020-03-16,52.0,1.0,6.857,2.0,0.0,0.286,7.484,0.144,0.987,0.288,0.0,0.041,,,,,,,,,,,,,,,,,,,50.93,6948445.0,65.18,44.7,20.801,13.272,18563.307,1.5,424.688,5.81,30.1,44.4,,7.454,75.05,0.813
BGR,Europe,Bulgaria,2020-03-17,67.0,15.0,9.0,2.0,0.0,0.286,9.642,2.159,1.295,0.288,0.0,0.041,,,,,,,,,,,,,,,,,,,56.48,6948445.0,65.18,44.7,20.801,13.272,18563.307,1.5,424.688,5.81,30.1,44.4,,7.454,75.05,0.813
BGR,Europe,Bulgaria,2020-03-18,92.0,25.0,12.143,2.0,0.0,0.143,13.24,3.598,1.748,0.288,0.0,0.021,,,,,,,,,,,,,,,,,,,70.37,6948445.0,65.18,44.7,20.801,13.272,18563.307,1.5,424.688,5.81,30.1,44.4,,7.454,75.05,0.813
BGR,Europe,Bulgaria,2020-03-19,94.0,2.0,12.429,3.0,1.0,0.286,13.528,0.288,1.789,0.432,0.144,0.041,,,,,,,,,,,,,,,,,,,70.37,6948445.0,65.18,44.7,20.801,13.272,18563.307,1.5,424.688,5.81,30.1,44.4,,7.454,75.05,0.813
BGR,Europe,Bulgaria,2020-03-20,127.0,33.0,14.857,3.0,0.0,0.286,18.277,4.749,2.138,0.432,0.0,0.041,,,,,,,,,,,,,,,,,,,70.37,6948445.0,65.18,44.7,20.801,13.272,18563.307,1.5,424.688,5.81,30.1,44.4,,7.454,75.05,0.813
BGR,Europe,Bulgaria,2020-03-21,163.0,36.0,17.429,3.0,0.0,0.143,23.458,5.181,2.508,0.432,0.0,0.021,1.19,,,,,,,,,,,,,,,,,,73.15,6948445.0,65.18,44.7,20.801,13.272,18563.307,1.5,424.688,5.81,30.1,44.4,,7.454,75.05,0.813
BGR,Europe,Bulgaria,2020-03-22,187.0,24.0,19.429,3.0,0.0,0.143,26.912,3.454,2.796,0.432,0.0,0.021,1.17,,,,,,,,,,,,,,,,,,73.15,6948445.0,65.18,44.7,20.801,13.272,18563.307,1.5,424.688,5.81,30.1,44.4,,7.454,75.05,0.813
BGR,Europe,Bulgaria,2020-03-23,201.0,14.0,21.286,3.0,0.0,0.143,28.927,2.015,3.063,0.432,0.0,0.021,1.16,,,,,,,,,,,,,,,,,,73.15,6948445.0,65.18,44.7,20.801,13.272,18563.307,1.5,424.688,5.81,30.1,44.4,,7.454,75.05,0.813
BGR,Europe,Bulgaria,2020-03-24,218.0,17.0,21.571,3.0,0.0,0.143,31.374,2.447,3.104,0.432,0.0,0.021,1.15,,,,,,,,,,,,,,,,,,73.15,6948445.0,65.18,44.7,20.801,13.272,18563.307,1.5,424.688,5.81,30.1,44.4,,7.454,75.05,0.813
BGR,Europe,Bulgaria,2020-03-25,242.0,24.0,21.429,3.0,0.0,0.143,34.828,3.454,3.084,0.432,0.0,0.021,1.15,,,,,,,,,,,,,,,,,,73.15,6948445.0,65.18,44.7,20.801,13.272,18563.307,1.5,424.688,5.81,30.1,44.4,,7.454,75.05,0.813
BGR,Europe,Bulgaria,2020-03-26,264.0,22.0,24.286,3.0,0.0,0.0,37.994,3.166,3.495,0.432,0.0,0.0,1.15,,,,,,,,,,,,,,,,,,73.15,6948445.0,65.18,44.7,20.801,13.272,18563.307,1.5,424.688,5.81,30.1,44.4,,7.454,75.05,0.813
BGR,Europe,Bulgaria,2020-03-27,293.0,29.0,23.714,3.0,0.0,0.0,42.168,4.174,3.413,0.432,0.0,0.0,1.16,,,,,,,,,,,,,,,,,,73.15,6948445.0,65.18,44.7,20.801,13.272,18563.307,1.5,424.688,5.81,30.1,44.4,,7.454,75.05,0.813
BGR,Europe,Bulgaria,2020-03-28,331.0,38.0,24.0,7.0,4.0,0.571,47.637,5.469,3.454,1.007,0.576,0.082,1.15,,,,,,,,,,,,,,,,,,73.15,6948445.0,65.18,44.7,20.801,13.272,18563.307,1.5,424.688,5.81,30.1,44.4,,7.454,75.05,0.813
BGR,Europe,Bulgaria,2020-03-29,346.0,15.0,22.714,8.0,1.0,0.714,49.795,2.159,3.269,1.151,0.144,0.103,1.14,,,,,,,,,,,,,,,,,,73.15,6948445.0,65.18,44.7,20.801,13.272,18563.307,1.5,424.688,5.81,30.1,44.4,,7.454,75.05,0.813
BGR,Europe,Bulgaria,2020-03-30,359.0,13.0,22.571,8.0,0.0,0.714,51.666,1.871,3.248,1.151,0.0,0.103,1.13,,,,,,,,,,,,,,,,,,73.15,6948445.0,65.18,44.7,20.801,13.272,18563.307,1.5,424.688,5.81,30.1,44.4,,7.454,75.05,0.813
BGR,Europe,Bulgaria,2020-03-31,399.0,40.0,25.857,8.0,0.0,0.714,57.423,5.757,3.721,1.151,0.0,0.103,1.14,,,,,,,,,,,,,,,,,,73.15,6948445.0,65.18,44.7,20.801,13.272,18563.307,1.5,424.688,5.81,30.1,44.4,,7.454,75.05,0.813
BGR,Europe,Bulgaria,2020-04-01,422.0,23.0,25.714,10.0,2.0,1.0,60.733,3.31,3.701,1.439,0.288,0.144,1.13,,,,,,,,,,,,,,,,,,71.3,6948445.0,65.18,44.7,20.801,13.272,18563.307,1.5,424.688,5.81,30.1,44.4,,7.454,75.05,0.813
BGR,Europe,Bulgaria,2020-04-02,457.0,35.0,27.571,10.0,0.0,1.0,65.77,5.037,3.968,1.439,0.0,0.144,1.12,,,,,,,,,,,,,,,,,,71.3,6948445.0,65.18,44.7,20.801,13.272,18563.307,1.5,424.688,5.81,30.1,44.4,,7.454,75.05,0.813
BGR,Europe,Bulgaria,2020-04-03,485.0,28.0,27.429,14.0,4.0,1.571,69.8,4.03,3.947,2.015,0.576,0.226,1.11,,,,,,,,,,,,,,,,,,71.3,6948445.0,65.18,44.7,20.801,13.272,18563.307,1.5,424.688,5.81,30.1,44.4,,7.454,75.05,0.813
BGR,Europe,Bulgaria,2020-04-04,503.0,18.0,24.571,17.0,3.0,1.429,72.39,2.591,3.536,2.447,0.432,0.206,1.09,,,,,,,,,,,,,,,,,,71.3,6948445.0,65.18,44.7,20.801,13.272,18563.307,1.5,424.688,5.81,30.1,44.4,,7.454,75.05,0.813
BGR,Europe,Bulgaria,2020-04-05,531.0,28.0,26.429,20.0,3.0,1.714,76.42,4.03,3.804,2.878,0.432,0.247,1.09,,,,,,,,,,,,,,,,,,71.3,6948445.0,65.18,44.7,20.801,13.272,18563.307,1.5,424.688,5.81,30.1,44.4,,7.454,75.05,0.813
BGR,Europe,Bulgaria,2020-04-06,549.0,18.0,27.143,22.0,2.0,2.0,79.01,2.591,3.906,3.166,0.288,0.288,1.08,26.0,3.742,210.0,30.223,,,,,,,,,,,,,,71.3,6948445.0,65.18,44.7,20.801,13.272,18563.307,1.5,424.688,5.81,30.1,44.4,,7.454,75.05,0.813
BGR,Europe,Bulgaria,2020-04-07,577.0,28.0,25.429,23.0,1.0,2.143,83.04,4.03,3.66,3.31,0.144,0.308,1.08,26.0,3.742,213.0,30.654,,,,,,,,,,,,,,71.3,6948445.0,65.18,44.7,20.801,13.272,18563.307,1.5,424.688,5.81,30.1,44.4,,7.454,75.05,0.813
BGR,Europe,Bulgaria,2020-04-08,593.0,16.0,24.429,24.0,1.0,2.0,85.343,2.303,3.516,3.454,0.144,0.288,1.08,27.0,3.886,233.0,33.533,,,,,,,,,,,,,,71.3,6948445.0,65.18,44.7,20.801,13.272,18563.307,1.5,424.688,5.81,30.1,44.4,,7.454,75.05,0.813
BGR,Europe,Bulgaria,2020-04-09,618.0,25.0,23.0,24.0,0.0,2.0,88.941,3.598,3.31,3.454,0.0,0.288,1.09,32.0,4.605,233.0,33.533,,,,,,,,,,,,,,71.3,6948445.0,65.18,44.7,20.801,13.272,18563.307,1.5,424.688,5.81,30.1,44.4,,7.454,75.05,0.813
BGR,Europe,Bulgaria,2020-04-10,635.0,17.0,21.429,25.0,1.0,1.571,91.387,2.447,3.084,3.598,0.144,0.226,1.1,33.0,4.749,231.0,33.245,,,,,,,,,,,,,,71.3,6948445.0,65.18,44.7,20.801,13.272,18563.307,1.5,424.688,5.81,30.1,44.4,,7.454,75.05,0.813
BGR,Europe,Bulgaria,2020-04-11,661.0,26.0,22.571,28.0,3.0,1.571,95.129,3.742,3.248,4.03,0.432,0.226,1.11,35.0,5.037,231.0,33.245,,,,,18502.0,,2.663,,,,,,tests performed,71.3,6948445.0,65.18,44.7,20.801,13.272,18563.307,1.5,424.688,5.81,30.1,44.4,,7.454,75.05,0.813
BGR,Europe,Bulgaria,2020-04-12,675.0,14.0,20.571,29.0,1.0,1.286,97.144,2.015,2.961,4.174,0.144,0.185,1.12,36.0,5.181,230.0,33.101,,,,,,,,,,,,,tests performed,71.3,6948445.0,65.18,44.7,20.801,13.272,18563.307,1.5,424.688,5.81,30.1,44.4,,7.454,75.05,0.813
BGR,Europe,Bulgaria,2020-04-13,685.0,10.0,19.429,32.0,3.0,1.429,98.583,1.439,2.796,4.605,0.432,0.206,1.14,36.0,5.181,230.0,33.101,,,,,,,,,,,,,tests performed,71.3,6948445.0,65.18,44.7,20.801,13.272,18563.307,1.5,424.688,5.81,30.1,44.4,,7.454,75.05,0.813
BGR,Europe,Bulgaria,2020-04-14,713.0,28.0,19.429,35.0,3.0,1.714,102.613,4.03,2.796,5.037,0.432,0.247,1.18,29.0,4.174,209.0,30.079,,,,,,,,,,,,,tests performed,71.3,6948445.0,65.18,44.7,20.801,13.272,18563.307,1.5,424.688,5.81,30.1,44.4,,7.454,75.05,0.813
BGR,Europe,Bulgaria,2020-04-15,747.0,34.0,22.0,36.0,1.0,1.714,107.506,4.893,3.166,5.181,0.144,0.247,1.21,31.0,4.461,218.0,31.374,,,,,,,,,,,,,tests performed,73.15,6948445.0,65.18,44.7,20.801,13.272,18563.307,1.5,424.688,5.81,30.1,44.4,,7.454,75.05,0.813
BGR,Europe,Bulgaria,2020-04-16,800.0,53.0,26.0,38.0,2.0,2.0,115.134,7.628,3.742,5.469,0.288,0.288,1.23,37.0,5.325,227.0,32.669,,,,,,,,,,,,,tests performed,73.15,6948445.0,65.18,44.7,20.801,13.272,18563.307,1.5,424.688,5.81,30.1,44.4,,7.454,75.05,0.813
BGR,Europe,Bulgaria,2020-04-17,846.0,46.0,30.143,41.0,3.0,2.286,121.754,6.62,4.338,5.901,0.432,0.329,1.24,44.0,6.332,244.0,35.116,,,,,,,,,,,,,tests performed,73.15,6948445.0,65.18,44.7,20.801,13.272,18563.307,1.5,424.688,5.81,30.1,44.4,,7.454,75.05,0.813
BGR,Europe,Bulgaria,2020-04-18,878.0,32.0,31.0,41.0,0.0,1.857,126.359,4.605,4.461,5.901,0.0,0.267,1.24,44.0,6.332,246.0,35.404,,,,,,,,,989.0,0.142,0.031,31.9,tests performed,73.15,6948445.0,65.18,44.7,20.801,13.272,18563.307,1.5,424.688,5.81,30.1,44.4,,7.454,75.05,0.813
BGR,Europe,Bulgaria,2020-04-19,894.0,16.0,31.286,42.0,1.0,1.857,128.662,2.303,4.503,6.045,0.144,0.267,1.24,36.0,5.181,259.0,37.275,,,,,26417.0,,3.802,,989.0,0.142,0.032,31.6,tests performed,73.15,6948445.0,65.18,44.7,20.801,13.272,18563.307,1.5,424.688,5.81,30.1,44.4,,7.454,75.05,0.813
BGR,Europe,Bulgaria,2020-04-20,929.0,35.0,34.857,43.0,1.0,1.571,133.699,5.037,5.017,6.188,0.144,0.226,1.25,36.0,5.181,268.0,38.57,,,,,,,,,876.0,0.126,0.04,25.1,tests performed,73.15,6948445.0,65.18,44.7,20.801,13.272,18563.307,1.5,424.688,5.81,30.1,44.4,,7.454,75.05,0.813
BGR,Europe,Bulgaria,2020-04-21,975.0,46.0,37.429,45.0,2.0,1.429,140.319,6.62,5.387,6.476,0.288,0.206,1.27,34.0,4.893,268.0,38.57,,,,,,,,,762.0,0.11,0.049,20.4,tests performed,73.15,6948445.0,65.18,44.7,20.801,13.272,18563.307,1.5,424.688,5.81,30.1,44.4,,7.454,75.05,0.813
BGR,Europe,Bulgaria,2020-04-22,1024.0,49.0,39.571,49.0,4.0,1.857,147.371,7.052,5.695,7.052,0.576,0.267,1.28,40.0,5.757,281.0,40.441,,,,,27000.0,,3.886,,649.0,0.093,0.061,16.4,tests performed,73.15,6948445.0,65.18,44.7,20.801,13.272,18563.307,1.5,424.688,5.81,30.1,44.4,,7.454,75.05,0.813
BGR,Europe,Bulgaria,2020-04-23,1097.0,73.0,42.429,52.0,3.0,2.0,157.877,10.506,6.106,7.484,0.432,0.288,1.29,37.0,5.325,270.0,38.858,,,,,,,,,879.0,0.127,0.048,20.7,tests performed,73.15,6948445.0,65.18,44.7,20.801,13.272,18563.307,1.5,424.688,5.81,30.1,44.4,,7.454,75.05,0.813
BGR,Europe,Bulgaria,2020-04-24,1234.0,137.0,55.429,54.0,2.0,1.857,177.594,19.717,7.977,7.772,0.288,0.267,1.28,41.0,5.901,282.0,40.585,,,,,,,,,1109.0,0.16,0.05,20.0,tests performed,73.15,6948445.0,65.18,44.7,20.801,13.272,18563.307,1.5,424.688,5.81,30.1,44.4,,7.454,75.05,0.813
BGR,Europe,Bulgaria,2020-04-25,1247.0,13.0,52.714,55.0,1.0,2.0,179.465,1.871,7.586,7.915,0.144,0.288,1.23,41.0,5.901,292.0,42.024,,,,,,,,,1339.0,0.193,0.039,25.4,tests performed,73.15,6948445.0,65.18,44.7,20.801,13.272,18563.307,1.5,424.688,5.81,30.1,44.4,,7.454,75.05,0.813
BGR,Europe,Bulgaria,2020-04-26,1300.0,53.0,58.0,56.0,1.0,2.0,187.092,7.628,8.347,8.059,0.144,0.288,1.2,37.0,5.325,292.0,42.024,,,,,,,,,1570.0,0.226,0.037,27.1,tests performed,73.15,6948445.0,65.18,44.7,20.801,13.272,18563.307,1.5,424.688,5.81,30.1,44.4,,7.454,75.05,0.813
BGR,Europe,Bulgaria,2020-04-27,1363.0,63.0,62.0,58.0,2.0,2.143,196.159,9.067,8.923,8.347,0.288,0.308,1.17,41.0,5.901,301.0,43.319,,,,,,,,,1913.0,0.275,0.032,30.9,tests performed,73.15,6948445.0,65.18,44.7,20.801,13.272,18563.307,1.5,424.688,5.81,30.1,44.4,,7.454,75.05,0.813
BGR,Europe,Bulgaria,2020-04-28,1399.0,36.0,60.571,58.0,0.0,1.857,201.34,5.181,8.717,8.347,0.0,0.267,1.14,39.0,5.613,301.0,43.319,,,,,,,,,2257.0,0.325,0.027,37.3,tests performed,73.15,6948445.0,65.18,44.7,20.801,13.272,18563.307,1.5,424.688,5.81,30.1,44.4,,7.454,75.05,0.813
BGR,Europe,Bulgaria,2020-04-29,1447.0,48.0,60.429,64.0,6.0,2.143,208.248,6.908,8.697,9.211,0.864,0.308,1.12,39.0,5.613,287.0,41.304,,,,,45208.0,,6.506,,2601.0,0.374,0.023,43.0,tests performed,73.15,6948445.0,65.18,44.7,20.801,13.272,18563.307,1.5,424.688,5.81,30.1,44.4,,7.454,75.05,0.813
BGR,Europe,Bulgaria,2020-04-30,1506.0,59.0,58.429,66.0,2.0,2.0,216.739,8.491,8.409,9.499,0.288,0.288,1.09,40.0,5.757,317.0,45.622,,,,,,,,,2323.0,0.334,0.025,39.8,tests performed,73.15,6948445.0,65.18,44.7,20.801,13.272,18563.307,1.5,424.688,5.81,30.1,44.4,,7.454,75.05,0.813
BGR,Europe,Bulgaria,2020-05-01,1555.0,49.0,45.857,68.0,2.0,2.0,223.791,7.052,6.6,9.786,0.288,0.288,1.07,43.0,6.188,317.0,45.622,,,,,46510.0,,6.694,,2044.0,0.294,0.022,44.6,tests performed,73.15,6948445.0,65.18,44.7,20.801,13.272,18563.307,1.5,424.688,5.81,30.1,44.4,,7.454,75.05,0.813
BGR,Europe,Bulgaria,2020-05-02,1594.0,39.0,49.571,72.0,4.0,2.429,229.404,5.613,7.134,10.362,0.576,0.35,1.05,43.0,6.188,321.0,46.197,,,,,47636.0,1126.0,6.856,0.162,1833.0,0.264,0.027,37.0,tests performed,73.15,6948445.0,65.18,44.7,20.801,13.272,18563.307,1.5,424.688,5.81,30.1,44.4,,7.454,75.05,0.813
BGR,Europe,Bulgaria,2020-05-03,1618.0,24.0,45.429,73.0,1.0,2.429,232.858,3.454,6.538,10.506,0.144,0.35,1.04,40.0,5.757,321.0,46.197,,,,,48618.0,982.0,6.997,0.141,1602.0,0.231,0.028,35.3,tests performed,73.15,6948445.0,65.18,44.7,20.801,13.272,18563.307,1.5,424.688,5.81,30.1,44.4,,7.454,75.05,0.813
BGR,Europe,Bulgaria,2020-05-04,1652.0,34.0,41.286,78.0,5.0,2.857,237.751,4.893,5.942,11.226,0.72,0.411,1.03,40.0,5.757,321.0,46.197,,,,,49145.0,527.0,7.073,0.076,1306.0,0.188,0.032,31.6,tests performed,73.15,6948445.0,65.18,44.7,20.801,13.272,18563.307,1.5,424.688,5.81,30.1,44.4,,7.454,75.05,0.813
BGR,Europe,Bulgaria,2020-05-05,1704.0,52.0,43.571,80.0,2.0,3.143,245.235,7.484,6.271,11.513,0.288,0.452,1.03,37.0,5.325,316.0,45.478,,,,,50303.0,1158.0,7.239,0.167,1099.0,0.158,0.04,25.2,tests performed,73.15,6948445.0,65.18,44.7,20.801,13.272,18563.307,1.5,424.688,5.81,30.1,44.4,,7.454,75.05,0.813
BGR,Europe,Bulgaria,2020-05-06,1778.0,74.0,47.286,84.0,4.0,2.857,255.885,10.65,6.805,12.089,0.576,0.411,1.03,39.0,5.613,316.0,45.478,,,,,51768.0,1465.0,7.45,0.211,937.0,0.135,0.05,19.8,tests performed,62.04,6948445.0,65.18,44.7,20.801,13.272,18563.307,1.5,424.688,5.81,30.1,44.4,,7.454,75.05,0.813
BGR,Europe,Bulgaria,2020-05-07,1829.0,51.0,46.143,84.0,0.0,2.571,263.224,7.34,6.641,12.089,0.0,0.37,1.01,38.0,5.469,353.0,50.803,,,,,52931.0,1163.0,7.618,0.167,1010.0,0.145,0.046,21.9,tests performed,62.04,6948445.0,65.18,44.7,20.801,13.272,18563.307,1.5,424.688,5.81,30.1,44.4,,7.454,75.05,0.813
BGR,Europe,Bulgaria,2020-05-08,1872.0,43.0,45.286,86.0,2.0,2.571,269.413,6.188,6.517,12.377,0.288,0.37,0.99,43.0,6.188,355.0,51.091,,,,,54328.0,1397.0,7.819,0.201,1117.0,0.161,0.041,24.7,tests performed,60.19,6948445.0,65.18,44.7,20.801,13.272,18563.307,1.5,424.688,5.81,30.1,44.4,,7.454,75.05,0.813
BGR,Europe,Bulgaria,2020-05-09,1921.0,49.0,46.714,90.0,4.0,2.571,276.465,7.052,6.723,12.953,0.576,0.37,0.98,49.0,7.052,380.0,54.688,,,,,56105.0,1777.0,8.074,0.256,1210.0,0.174,0.039,25.9,tests performed,60.19,6948445.0,65.18,44.7,20.801,13.272,18563.307,1.5,424.688,5.81,30.1,44.4,,7.454,75.05,0.813
BGR,Europe,Bulgaria,2020-05-10,1965.0,44.0,49.571,91.0,1.0,2.571,282.797,6.332,7.134,13.096,0.144,0.37,0.96,56.0,8.059,389.0,55.984,,,,,57231.0,1126.0,8.237,0.162,1230.0,0.177,0.04,24.8,tests performed,60.19,6948445.0,65.18,44.7,20.801,13.272,18563.307,1.5,424.688,5.81,30.1,44.4,,7.454,75.05,0.813
BGR,Europe,Bulgaria,2020-05-11,1990.0,25.0,48.286,93.0,2.0,2.143,286.395,3.598,6.949,13.384,0.288,0.308,0.94,58.0,8.347,385.0,55.408,,,,,57634.0,403.0,8.295,0.058,1213.0,0.175,0.04,25.1,tests performed,60.19,6948445.0,65.18,44.7,20.801,13.272,18563.307,1.5,424.688,5.81,30.1,44.4,,7.454,75.05,0.813
BGR,Europe,Bulgaria,2020-05-12,2023.0,33.0,45.571,95.0,2.0,2.143,291.144,4.749,6.559,13.672,0.288,0.308,0.94,50.0,7.196,368.0,52.961,,,,,58713.0,1079.0,8.45,0.155,1201.0,0.173,0.038,26.4,tests performed,60.19,6948445.0,65.18,44.7,20.801,13.272,18563.307,1.5,424.688,5.81,30.1,44.4,,7.454,75.05,0.813
BGR,Europe,Bulgaria,2020-05-13,2069.0,46.0,41.571,96.0,1.0,1.714,297.764,6.62,5.983,13.816,0.144,0.247,0.93,51.0,7.34,365.0,52.53,,,,,60100.0,1387.0,8.649,0.2,1190.0,0.171,0.035,28.6,tests performed,60.19,6948445.0,65.18,44.7,20.801,13.272,18563.307,1.5,424.688,5.81,30.1,44.4,,7.454,75.05,0.813
BGR,Europe,Bulgaria,2020-05-14,2100.0,31.0,38.714,99.0,3.0,2.143,302.226,4.461,5.572,14.248,0.432,0.308,0.92,51.0,7.34,365.0,52.53,,,,,61711.0,1611.0,8.881,0.232,1254.0,0.18,0.031,32.4,tests performed,62.96,6948445.0,65.18,44.7,20.801,13.272,18563.307,1.5,424.688,5.81,30.1,44.4,,7.454,75.05,0.813
BGR,Europe,Bulgaria,2020-05-15,2138.0,38.0,38.0,102.0,3.0,2.286,307.695,5.469,5.469,14.68,0.432,0.329,0.92,49.0,7.052,321.0,46.197,,,,,63319.0,1608.0,9.113,0.231,1284.0,0.185,0.03,33.8,tests performed,62.96,6948445.0,65.18,44.7,20.801,13.272,18563.307,1.5,424.688,5.81,30.1,44.4,,7.454,75.05,0.813
BGR,Europe,Bulgaria,2020-05-16,2175.0,37.0,36.286,105.0,3.0,2.143,313.02,5.325,5.222,15.111,0.432,0.308,0.91,45.0,6.476,322.0,46.341,,,,,64480.0,1161.0,9.28,0.167,1196.0,0.172,0.03,33.0,tests performed,62.96,6948445.0,65.18,44.7,20.801,13.272,18563.307,1.5,424.688,5.81,30.1,44.4,,7.454,75.05,0.813
BGR,Europe,Bulgaria,2020-05-17,2211.0,36.0,35.143,108.0,3.0,2.429,318.201,5.181,5.058,15.543,0.432,0.35,0.91,46.0,6.62,323.0,46.485,,,,,65574.0,1094.0,9.437,0.157,1192.0,0.172,0.029,33.9,tests performed,62.96,6948445.0,65.18,44.7,20.801,13.272,18563.307,1.5,424.688,5.81,30.1,44.4,,7.454,75.05,0.813
BGR,Europe,Bulgaria,2020-05-18,2235.0,24.0,35.0,110.0,2.0,2.429,321.655,3.454,5.037,15.831,0.288,0.35,0.9,43.0,6.188,329.0,47.349,,,,,65936.0,362.0,9.489,0.052,1186.0,0.171,0.03,33.9,tests performed,62.96,6948445.0,65.18,44.7,20.801,13.272,18563.307,1.5,424.688,5.81,30.1,44.4,,7.454,75.05,0.813
BGR,Europe,Bulgaria,2020-05-19,2259.0,24.0,33.714,112.0,2.0,2.429,325.109,3.454,4.852,16.119,0.288,0.35,0.9,36.0,5.181,299.0,43.031,,,,,66810.0,874.0,9.615,0.126,1157.0,0.167,0.029,34.3,tests performed,62.96,6948445.0,65.18,44.7,20.801,13.272,18563.307,1.5,424.688,5.81,30.1,44.4,,7.454,75.05,0.813
BGR,Europe,Bulgaria,2020-05-20,2292.0,33.0,31.857,116.0,4.0,2.857,329.858,4.749,4.585,16.694,0.576,0.411,0.9,33.0,4.749,285.0,41.016,,,,,68243.0,1433.0,9.821,0.206,1163.0,0.167,0.027,36.5,tests performed,62.96,6948445.0,65.18,44.7,20.801,13.272,18563.307,1.5,424.688,5.81,30.1,44.4,,7.454,75.05,0.813
BGR,Europe,Bulgaria,2020-05-21,2331.0,39.0,33.0,120.0,4.0,3.0,335.471,5.613,4.749,17.27,0.576,0.432,0.9,31.0,4.461,287.0,41.304,,,,,,,,,1173.0,0.169,0.028,35.5,tests performed,59.26,6948445.0,65.18,44.7,20.801,13.272,18563.307,1.5,424.688,5.81,30.1,44.4,,7.454,75.05,0.813
BGR,Europe,Bulgaria,2020-05-22,2372.0,41.0,33.429,125.0,5.0,3.286,341.371,5.901,4.811,17.99,0.72,0.473,0.9,29.0,4.174,258.0,37.131,,,,,71605.0,,10.305,,1184.0,0.17,0.028,35.4,tests performed,56.48,6948445.0,65.18,44.7,20.801,13.272,18563.307,1.5,424.688,5.81,30.1,44.4,,7.454,75.05,0.813
BGR,Europe,Bulgaria,2020-05-23,2408.0,36.0,33.286,126.0,1.0,3.0,346.552,5.181,4.79,18.134,0.144,0.432,0.9,29.0,4.174,258.0,37.131,,,,,73210.0,1605.0,10.536,0.231,1247.0,0.179,0.027,37.5,tests performed,56.48,6948445.0,65.18,44.7,20.801,13.272,18563.307,1.5,424.688,5.81,30.1,44.4,,7.454,75.05,0.813
BGR,Europe,Bulgaria,2020-05-24,2427.0,19.0,30.857,130.0,4.0,3.143,349.287,2.734,4.441,18.709,0.576,0.452,0.89,22.0,3.166,234.0,33.677,,,,,74096.0,886.0,10.664,0.128,1217.0,0.175,0.025,39.4,tests performed,56.48,6948445.0,65.18,44.7,20.801,13.272,18563.307,1.5,424.688,5.81,30.1,44.4,,7.454,75.05,0.813
BGR,Europe,Bulgaria,2020-05-25,2433.0,6.0,28.286,130.0,0.0,2.857,350.15,0.864,4.071,18.709,0.0,0.411,0.89,20.0,2.878,235.0,33.821,,,,,74539.0,443.0,10.727,0.064,1229.0,0.177,0.023,43.4,tests performed,56.48,6948445.0,65.18,44.7,20.801,13.272,18563.307,1.5,424.688,5.81,30.1,44.4,,7.454,75.05,0.813
BGR,Europe,Bulgaria,2020-05-26,2443.0,10.0,26.286,130.0,0.0,2.571,351.589,1.439,3.783,18.709,0.0,0.37,0.89,21.0,3.022,229.0,32.957,,,,,74834.0,295.0,10.77,0.042,1146.0,0.165,0.023,43.6,tests performed,56.48,6948445.0,65.18,44.7,20.801,13.272,18563.307,1.5,424.688,5.81,30.1,44.4,,7.454,75.05,0.813
BGR,Europe,Bulgaria,2020-05-27,2460.0,17.0,24.0,133.0,3.0,2.429,354.036,2.447,3.454,19.141,0.432,0.35,0.91,22.0,3.166,229.0,32.957,,,,,76391.0,1557.0,10.994,0.224,1164.0,0.168,0.021,48.5,tests performed,56.48,6948445.0,65.18,44.7,20.801,13.272,18563.307,1.5,424.688,5.81,30.1,44.4,,7.454,75.05,0.813
BGR,Europe,Bulgaria,2020-05-28,2477.0,17.0,20.857,134.0,1.0,2.0,356.483,2.447,3.002,19.285,0.144,0.288,0.93,20.0,2.878,198.0,28.496,,,,,77664.0,1273.0,11.177,0.183,1106.0,0.159,0.019,53.0,tests performed,56.48,6948445.0,65.18,44.7,20.801,13.272,18563.307,1.5,424.688,5.81,30.1,44.4,,7.454,75.05,0.813
BGR,Europe,Bulgaria,2020-05-29,2485.0,8.0,16.143,136.0,2.0,1.571,357.634,1.151,2.323,19.573,0.288,0.226,0.96,20.0,2.878,191.0,27.488,,,,,79389.0,1725.0,11.425,0.248,1112.0,0.16,0.015,68.9,tests performed,56.48,6948445.0,65.18,44.7,20.801,13.272,18563.307,1.5,424.688,5.81,30.1,44.4,,7.454,75.05,0.813
BGR,Europe,Bulgaria,2020-05-30,2499.0,14.0,13.0,139.0,3.0,1.857,359.649,2.015,1.871,20.004,0.432,0.267,1.0,18.0,2.591,165.0,23.746,,,,,80742.0,1353.0,11.62,0.195,1076.0,0.155,0.012,82.8,tests performed,50.93,6948445.0,65.18,44.7,20.801,13.272,18563.307,1.5,424.688,5.81,30.1,44.4,,7.454,75.05,0.813
BGR,Europe,Bulgaria,2020-05-31,2513.0,14.0,12.286,140.0,1.0,1.429,361.664,2.015,1.768,20.148,0.144,0.206,1.05,17.0,2.447,161.0,23.171,,,,,81348.0,606.0,11.707,0.087,1036.0,0.149,0.012,84.3,tests performed,44.44,6948445.0,65.18,44.7,20.801,13.272,18563.307,1.5,424.688,5.81,30.1,44.4,,7.454,75.05,0.813
BGR,Europe,Bulgaria,2020-06-01,2519.0,6.0,12.286,140.0,0.0,1.429,362.527,0.864,1.768,20.148,0.0,0.206,1.1,16.0,2.303,153.0,22.019,,,,,81694.0,346.0,11.757,0.05,1022.0,0.147,0.012,83.2,tests performed,44.44,6948445.0,65.18,44.7,20.801,13.272,18563.307,1.5,424.688,5.81,30.1,44.4,,7.454,75.05,0.813
BGR,Europe,Bulgaria,2020-06-02,2538.0,19.0,13.571,144.0,4.0,2.0,365.262,2.734,1.953,20.724,0.576,0.288,1.16,20.0,2.878,141.0,20.292,,,,,82914.0,1220.0,11.933,0.176,1154.0,0.166,0.012,85.0,tests performed,44.44,6948445.0,65.18,44.7,20.801,13.272,18563.307,1.5,424.688,5.81,30.1,44.4,,7.454,75.05,0.813
BGR,Europe,Bulgaria,2020-06-03,2560.0,22.0,14.286,146.0,2.0,1.857,368.428,3.166,2.056,21.012,0.288,0.267,1.23,9.0,1.295,132.0,18.997,,,,,84261.0,1347.0,12.127,0.194,1124.0,0.162,0.013,78.7,tests performed,44.44,6948445.0,65.18,44.7,20.801,13.272,18563.307,1.5,424.688,5.81,30.1,44.4,,7.454,75.05,0.813
BGR,Europe,Bulgaria,2020-06-04,2585.0,25.0,15.429,147.0,1.0,1.857,372.026,3.598,2.22,21.156,0.144,0.267,1.3,8.0,1.151,141.0,20.292,,,,,85830.0,1569.0,12.352,0.226,1167.0,0.168,0.013,75.6,tests performed,44.44,6948445.0,65.18,44.7,20.801,13.272,18563.307,1.5,424.688,5.81,30.1,44.4,,7.454,75.05,0.813
BGR,Europe,Bulgaria,2020-06-05,2627.0,42.0,20.286,159.0,12.0,3.286,378.07,6.045,2.919,22.883,1.727,0.473,1.37,8.0,1.151,149.0,21.444,,,,,87890.0,2060.0,12.649,0.296,1214.0,0.175,0.017,59.8,tests performed,44.44,6948445.0,65.18,44.7,20.801,13.272,18563.307,1.5,424.688,5.81,30.1,44.4,,7.454,75.05,0.813
BGR,Europe,Bulgaria,2020-06-06,2711.0,84.0,30.286,160.0,1.0,3.0,390.159,12.089,4.359,23.027,0.144,0.432,1.43,12.0,1.727,147.0,21.156,,,,,89086.0,1196.0,12.821,0.172,1192.0,0.172,0.025,39.4,tests performed,44.44,6948445.0,65.18,44.7,20.801,13.272,18563.307,1.5,424.688,5.81,30.1,44.4,,7.454,75.05,0.813
BGR,Europe,Bulgaria,2020-06-07,2727.0,16.0,30.571,160.0,0.0,2.857,392.462,2.303,4.4,23.027,0.0,0.411,1.44,12.0,1.727,155.0,22.307,,,,,89902.0,816.0,12.938,0.117,1222.0,0.176,0.025,40.0,tests performed,44.44,6948445.0,65.18,44.7,20.801,13.272,18563.307,1.5,424.688,5.81,30.1,44.4,,7.454,75.05,0.813
BGR,Europe,Bulgaria,2020-06-08,2810.0,83.0,41.571,164.0,4.0,3.429,404.407,11.945,5.983,23.602,0.576,0.493,1.47,12.0,1.727,158.0,22.739,,,,,90329.0,427.0,13.0,0.061,1234.0,0.178,0.034,29.7,tests performed,44.44,6948445.0,65.18,44.7,20.801,13.272,18563.307,1.5,424.688,5.81,30.1,44.4,,7.454,75.05,0.813
BGR,Europe,Bulgaria,2020-06-09,2889.0,79.0,50.143,167.0,3.0,3.286,415.776,11.369,7.216,24.034,0.432,0.473,1.48,15.0,2.159,152.0,21.875,,,,,91735.0,1406.0,13.202,0.202,1260.0,0.181,0.04,25.1,tests performed,44.44,6948445.0,65.18,44.7,20.801,13.272,18563.307,1.5,424.688,5.81,30.1,44.4,,7.454,75.05,0.813
BGR,Europe,Bulgaria,2020-06-10,2993.0,104.0,61.857,167.0,0.0,3.0,430.744,14.967,8.902,24.034,0.0,0.432,1.47,13.0,1.871,161.0,23.171,,,,,93512.0,1777.0,13.458,0.256,1322.0,0.19,0.047,21.4,tests performed,38.89,6948445.0,65.18,44.7,20.801,13.272,18563.307,1.5,424.688,5.81,30.1,44.4,,7.454,75.05,0.813
BGR,Europe,Bulgaria,2020-06-11,3086.0,93.0,71.571,168.0,1.0,3.0,444.128,13.384,10.3,24.178,0.144,0.432,1.45,17.0,2.447,187.0,26.912,,,,,95820.0,2308.0,13.79,0.332,1427.0,0.205,0.05,19.9,tests performed,38.89,6948445.0,65.18,44.7,20.801,13.272,18563.307,1.5,424.688,5.81,30.1,44.4,,7.454,75.05,0.813
BGR,Europe,Bulgaria,2020-06-12,3191.0,105.0,80.571,172.0,4.0,1.857,459.239,15.111,11.596,24.754,0.576,0.267,1.43,15.0,2.159,204.0,29.359,,,,,98460.0,2640.0,14.17,0.38,1510.0,0.217,0.053,18.7,tests performed,38.89,6948445.0,65.18,44.7,20.801,13.272,18563.307,1.5,424.688,5.81,30.1,44.4,,7.454,75.05,0.813
BGR,Europe,Bulgaria,2020-06-13,3266.0,75.0,79.286,172.0,0.0,1.714,470.033,10.794,11.411,24.754,0.0,0.247,1.39,15.0,2.159,215.0,30.942,,,,,101102.0,2642.0,14.55,0.38,1717.0,0.247,0.046,21.7,tests performed,38.89,6948445.0,65.18,44.7,20.801,13.272,18563.307,1.5,424.688,5.81,30.1,44.4,,7.454,75.05,0.813
BGR,Europe,Bulgaria,2020-06-14,3290.0,24.0,80.429,174.0,2.0,2.0,473.487,3.454,11.575,25.042,0.288,0.288,1.37,16.0,2.303,247.0,35.548,,,,,103077.0,1975.0,14.835,0.284,1882.0,0.271,0.043,23.4,tests performed,38.89,6948445.0,65.18,44.7,20.801,13.272,18563.307,1.5,424.688,5.81,30.1,44.4,,7.454,75.05,0.813
BGR,Europe,Bulgaria,2020-06-15,3341.0,51.0,75.857,176.0,2.0,1.714,480.827,7.34,10.917,25.329,0.288,0.247,1.36,15.0,2.159,244.0,35.116,,,,,104486.0,1409.0,15.037,0.203,2022.0,0.291,0.038,26.7,tests performed,38.89,6948445.0,65.18,44.7,20.801,13.272,18563.307,1.5,424.688,5.81,30.1,44.4,,7.454,75.05,0.813
BGR,Europe,Bulgaria,2020-06-16,3453.0,112.0,80.571,181.0,5.0,2.0,496.946,16.119,11.596,26.049,0.72,0.288,1.36,14.0,2.015,253.0,36.411,,,,,108325.0,3839.0,15.59,0.552,2370.0,0.341,0.034,29.4,tests performed,38.89,6948445.0,65.18,44.7,20.801,13.272,18563.307,1.5,424.688,5.81,30.1,44.4,,7.454,75.05,0.813
BGR,Europe,Bulgaria,2020-06-17,3542.0,89.0,78.429,184.0,3.0,2.429,509.754,12.809,11.287,26.481,0.432,0.35,1.35,13.0,1.871,267.0,38.426,,,,,,,,,2413.0,0.347,0.033,30.8,tests performed,38.89,6948445.0,65.18,44.7,20.801,13.272,18563.307,1.5,424.688,5.81,30.1,44.4,,7.454,75.05,0.813
BGR,Europe,Bulgaria,2020-06-18,3674.0,132.0,84.0,190.0,6.0,3.143,528.751,18.997,12.089,27.344,0.864,0.452,1.34,12.0,1.727,276.0,39.721,,,,,112483.0,,16.188,,2380.0,0.343,0.035,28.3,tests performed,38.89,6948445.0,65.18,44.7,20.801,13.272,18563.307,1.5,424.688,5.81,30.1,44.4,,7.454,75.05,0.813
BGR,Europe,Bulgaria,2020-06-19,3755.0,81.0,80.571,193.0,3.0,3.0,540.409,11.657,11.596,27.776,0.432,0.432,1.32,13.0,1.871,289.0,41.592,,,,,,,,,2270.0,0.327,0.035,28.2,tests performed,36.11,6948445.0,65.18,44.7,20.801,13.272,18563.307,1.5,424.688,5.81,30.1,44.4,,7.454,75.05,0.813
BGR,Europe,Bulgaria,2020-06-20,3872.0,117.0,86.571,199.0,6.0,3.857,557.247,16.838,12.459,28.64,0.864,0.555,1.31,17.0,2.447,314.0,45.19,,,,,116214.0,,16.725,,2159.0,0.311,0.04,24.9,tests performed,36.11,6948445.0,65.18,44.7,20.801,13.272,18563.307,1.5,424.688,5.81,30.1,44.4,,7.454,75.05,0.813
BGR,Europe,Bulgaria,2020-06-21,3905.0,33.0,87.857,199.0,0.0,3.571,561.996,4.749,12.644,28.64,0.0,0.514,1.3,13.0,1.871,322.0,46.341,,,,,,,,,1917.0,0.276,0.046,21.8,tests performed,36.11,6948445.0,65.18,44.7,20.801,13.272,18563.307,1.5,424.688,5.81,30.1,44.4,,7.454,75.05,0.813
BGR,Europe,Bulgaria,2020-06-22,3984.0,79.0,91.857,207.0,8.0,4.429,573.366,11.369,13.22,29.791,1.151,0.637,1.3,13.0,1.871,322.0,46.341,,,,,116780.0,,16.807,,1756.0,0.253,0.052,19.1,tests performed,36.11,6948445.0,65.18,44.7,20.801,13.272,18563.307,1.5,424.688,5.81,30.1,44.4,,7.454,75.05,0.813
BGR,Europe,Bulgaria,2020-06-23,4114.0,130.0,94.429,208.0,1.0,3.857,592.075,18.709,13.59,29.935,0.144,0.555,1.3,11.0,1.583,341.0,49.076,,,,,119556.0,2776.0,17.206,0.4,1604.0,0.231,0.059,17.0,tests performed,36.11,6948445.0,65.18,44.7,20.801,13.272,18563.307,1.5,424.688,5.81,30.1,44.4,,7.454,75.05,0.813
BGR,Europe,Bulgaria,2020-06-24,4242.0,128.0,100.0,209.0,1.0,3.571,610.496,18.421,14.392,30.079,0.144,0.514,1.3,16.0,2.303,390.0,56.128,,,,,122502.0,2946.0,17.63,0.424,1728.0,0.249,0.058,17.3,tests performed,36.11,6948445.0,65.18,44.7,20.801,13.272,18563.307,1.5,424.688,5.81,30.1,44.4,,7.454,75.05,0.813
BGR,Europe,Bulgaria,2020-06-25,4408.0,166.0,104.857,211.0,2.0,3.0,634.387,23.89,15.091,30.367,0.288,0.432,1.3,16.0,2.303,384.0,55.264,,,,,125518.0,3016.0,18.064,0.434,1862.0,0.268,0.056,17.8,tests performed,36.11,6948445.0,65.18,44.7,20.801,13.272,18563.307,1.5,424.688,5.81,30.1,44.4,,7.454,75.05,0.813
BGR,Europe,Bulgaria,2020-06-26,4513.0,105.0,108.286,215.0,4.0,3.143,649.498,15.111,15.584,30.942,0.576,0.452,1.29,16.0,2.303,384.0,55.264,,,,,128293.0,2775.0,18.464,0.399,1992.0,0.287,0.054,18.4,tests performed,36.11,6948445.0,65.18,44.7,20.801,13.272,18563.307,1.5,424.688,5.81,30.1,44.4,,7.454,75.05,0.813
BGR,Europe,Bulgaria,2020-06-27,4625.0,112.0,107.571,216.0,1.0,2.429,665.617,16.119,15.481,31.086,0.144,0.35,1.28,18.0,2.591,392.0,56.416,,,,,131043.0,2750.0,18.859,0.396,2118.0,0.305,0.051,19.7,tests performed,36.11,6948445.0,65.18,44.7,20.801,13.272,18563.307,1.5,424.688,5.81,30.1,44.4,,7.454,75.05,0.813
BGR,Europe,Bulgaria,2020-06-28,4691.0,66.0,112.286,219.0,3.0,2.857,675.115,9.499,16.16,31.518,0.432,0.411,1.27,25.0,3.598,423.0,60.877,,,,,132571.0,1528.0,19.079,0.22,2296.0,0.33,0.049,20.4,tests performed,36.11,6948445.0,65.18,44.7,20.801,13.272,18563.307,1.5,424.688,5.81,30.1,44.4,,7.454,75.05,0.813
BGR,Europe,Bulgaria,2020-06-29,4831.0,140.0,121.0,223.0,4.0,2.286,695.263,20.148,17.414,32.094,0.576,0.329,1.28,31.0,4.461,434.0,62.46,,,,,133605.0,1034.0,19.228,0.149,2404.0,0.346,0.05,19.9,tests performed,36.11,6948445.0,65.18,44.7,20.801,13.272,18563.307,1.5,424.688,5.81,30.1,44.4,,7.454,75.05,0.813
BGR,Europe,Bulgaria,2020-06-30,4989.0,158.0,125.0,230.0,7.0,3.143,718.002,22.739,17.99,33.101,1.007,0.452,1.28,32.0,4.605,435.0,62.604,,,,,138130.0,4525.0,19.879,0.651,2653.0,0.382,0.047,21.2,tests performed,36.11,6948445.0,65.18,44.7,20.801,13.272,18563.307,1.5,424.688,5.81,30.1,44.4,,7.454,75.05,0.813
BGR,Europe,Bulgaria,2020-07-01,5154.0,165.0,130.286,232.0,2.0,3.286,741.749,23.746,18.75,33.389,0.288,0.473,1.28,32.0,4.605,446.0,64.187,,,,,141473.0,3343.0,20.36,0.481,2710.0,0.39,0.048,20.8,tests performed,36.11,6948445.0,65.18,44.7,20.801,13.272,18563.307,1.5,424.688,5.81,30.1,44.4,,7.454,75.05,0.813
BGR,Europe,Bulgaria,2020-07-02,5315.0,161.0,129.571,232.0,0.0,3.0,764.919,23.171,18.648,33.389,0.0,0.432,1.28,31.0,4.461,443.0,63.755,,,,,144369.0,2896.0,20.777,0.417,2693.0,0.388,0.048,20.8,tests performed,36.11,6948445.0,65.18,44.7,20.801,13.272,18563.307,1.5,424.688,5.81,30.1,44.4,,7.454,75.05,0.813
BGR,Europe,Bulgaria,2020-07-03,5497.0,182.0,140.571,239.0,7.0,3.429,791.112,26.193,20.231,34.396,1.007,0.493,1.27,29.0,4.174,450.0,64.763,,,,,147524.0,3155.0,21.231,0.454,2747.0,0.395,0.051,19.5,tests performed,36.11,6948445.0,65.18,44.7,20.801,13.272,18563.307,1.5,424.688,5.81,30.1,44.4,,7.454,75.05,0.813
BGR,Europe,Bulgaria,2020-07-04,5677.0,180.0,150.286,241.0,2.0,3.571,817.017,25.905,21.629,34.684,0.288,0.514,1.26,29.0,4.174,463.0,66.634,,,,,150062.0,2538.0,21.596,0.365,2717.0,0.391,0.055,18.1,tests performed,36.11,6948445.0,65.18,44.7,20.801,13.272,18563.307,1.5,424.688,5.81,30.1,44.4,,7.454,75.05,0.813
BGR,Europe,Bulgaria,2020-07-05,5740.0,63.0,149.857,246.0,5.0,3.857,826.084,9.067,21.567,35.404,0.72,0.555,1.25,28.0,4.03,458.0,65.914,,,,,153576.0,3514.0,22.102,0.506,3001.0,0.432,0.05,20.0,tests performed,36.11,6948445.0,65.18,44.7,20.801,13.272,18563.307,1.5,424.688,5.81,30.1,44.4,,7.454,75.05,0.813
BGR,Europe,Bulgaria,2020-07-06,5914.0,174.0,154.714,250.0,4.0,3.857,851.126,25.042,22.266,35.979,0.576,0.555,1.26,29.0,4.174,470.0,67.641,,,,,156351.0,2775.0,22.502,0.399,3249.0,0.468,0.048,21.0,tests performed,36.11,6948445.0,65.18,44.7,20.801,13.272,18563.307,1.5,424.688,5.81,30.1,44.4,,7.454,75.05,0.813
BGR,Europe,Bulgaria,2020-07-07,6102.0,188.0,159.0,254.0,4.0,3.429,878.182,27.056,22.883,36.555,0.576,0.493,1.26,32.0,4.605,483.0,69.512,,,,,,,,,2851.0,0.41,0.056,17.9,tests performed,36.11,6948445.0,65.18,44.7,20.801,13.272,18563.307,1.5,424.688,5.81,30.1,44.4,,7.454,75.05,0.813
BGR,Europe,Bulgaria,2020-07-08,6342.0,240.0,169.714,259.0,5.0,3.857,912.722,34.54,24.425,37.275,0.72,0.555,1.26,32.0,4.605,483.0,69.512,,,,,159818.0,,23.001,,2621.0,0.377,0.065,15.4,tests performed,36.11,6948445.0,65.18,44.7,20.801,13.272,18563.307,1.5,424.688,5.81,30.1,44.4,,7.454,75.05,0.813
BGR,Europe,Bulgaria,2020-07-09,6672.0,330.0,193.857,262.0,3.0,4.286,960.215,47.493,27.899,37.706,0.432,0.617,1.26,28.0,4.03,525.0,75.556,,,,,164104.0,4286.0,23.617,0.617,2819.0,0.406,0.069,14.5,tests performed,44.44,6948445.0,65.18,44.7,20.801,13.272,18563.307,1.5,424.688,5.81,30.1,44.4,,7.454,75.05,0.813
BGR,Europe,Bulgaria,2020-07-10,6964.0,292.0,209.571,267.0,5.0,4.0,1002.239,42.024,30.161,38.426,0.72,0.576,1.24,32.0,4.605,516.0,74.261,,,,,167790.0,3686.0,24.148,0.53,2895.0,0.417,0.072,13.8,tests performed,47.22,6948445.0,65.18,44.7,20.801,13.272,18563.307,1.5,424.688,5.81,30.1,44.4,,7.454,75.05,0.813
BGR,Europe,Bulgaria,2020-07-11,7175.0,211.0,214.0,267.0,0.0,3.714,1032.605,30.367,30.798,38.426,0.0,0.535,1.21,33.0,4.749,532.0,76.564,,,,,172330.0,4540.0,24.801,0.653,3181.0,0.458,0.067,14.9,tests performed,47.22,6948445.0,65.18,44.7,20.801,13.272,18563.307,1.5,424.688,5.81,30.1,44.4,,7.454,75.05,0.813
BGR,Europe,Bulgaria,2020-07-12,7252.0,77.0,216.0,268.0,1.0,3.143,1043.687,11.082,31.086,38.57,0.144,0.452,1.18,33.0,4.749,535.0,76.996,,,,,175136.0,2806.0,25.205,0.404,3080.0,0.443,0.07,14.3,tests performed,47.22,6948445.0,65.18,44.7,20.801,13.272,18563.307,1.5,424.688,5.81,30.1,44.4,,7.454,75.05,0.813
BGR,Europe,Bulgaria,2020-07-13,7411.0,159.0,213.857,276.0,8.0,3.714,1066.57,22.883,30.778,39.721,1.151,0.535,1.17,29.0,4.174,529.0,76.132,,,,,176334.0,1198.0,25.377,0.172,2855.0,0.411,0.075,13.4,tests performed,36.11,6948445.0,65.18,44.7,20.801,13.272,18563.307,1.5,424.688,5.81,30.1,44.4,,7.454,75.05,0.813
BGR,Europe,Bulgaria,2020-07-14,7645.0,234.0,220.429,283.0,7.0,4.143,1100.246,33.677,31.723,40.729,1.007,0.596,1.17,27.0,3.886,551.0,79.298,,,,,179675.0,3341.0,25.858,0.481,3084.0,0.444,0.071,14.0,tests performed,36.11,6948445.0,65.18,44.7,20.801,13.272,18563.307,1.5,424.688,5.81,30.1,44.4,,7.454,75.05,0.813
BGR,Europe,Bulgaria,2020-07-15,7877.0,232.0,219.286,289.0,6.0,4.286,1133.635,33.389,31.559,41.592,0.864,0.617,1.16,28.0,4.03,575.0,82.752,,,,,184560.0,4885.0,26.561,0.703,3535.0,0.509,0.062,16.1,tests performed,36.11,6948445.0,65.18,44.7,20.801,13.272,18563.307,1.5,424.688,5.81,30.1,44.4,,7.454,75.05,0.813
BGR,Europe,Bulgaria,2020-07-16,8144.0,267.0,210.286,293.0,4.0,4.429,1172.061,38.426,30.264,42.168,0.576,0.637,1.16,28.0,4.03,575.0,82.752,,,,,189953.0,5393.0,27.337,0.776,3693.0,0.531,0.057,17.6,tests performed,36.11,6948445.0,65.18,44.7,20.801,13.272,18563.307,1.5,424.688,5.81,30.1,44.4,,7.454,75.05,0.813
BGR,Europe,Bulgaria,2020-07-17,8442.0,298.0,211.143,297.0,4.0,4.286,1214.948,42.887,30.387,42.743,0.576,0.617,1.14,28.0,4.03,582.0,83.76,,,,,196479.0,6526.0,28.277,0.939,4098.0,0.59,0.052,19.4,tests performed,36.11,6948445.0,65.18,44.7,20.801,13.272,18563.307,1.5,424.688,5.81,30.1,44.4,,7.454,75.05,0.813
BGR,Europe,Bulgaria,2020-07-18,8638.0,196.0,209.0,299.0,2.0,4.571,1243.156,28.208,30.079,43.031,0.288,0.658,1.13,33.0,4.749,606.0,87.214,,,,,201363.0,4884.0,28.98,0.703,4148.0,0.597,0.05,19.8,tests performed,36.11,6948445.0,65.18,44.7,20.801,13.272,18563.307,1.5,424.688,5.81,30.1,44.4,,7.454,75.05,0.813
BGR,Europe,Bulgaria,2020-07-19,8733.0,95.0,211.571,300.0,1.0,4.571,1256.828,13.672,30.449,43.175,0.144,0.658,1.11,34.0,4.893,605.0,87.07,,,,,203366.0,2003.0,29.268,0.288,4033.0,0.58,0.052,19.1,tests performed,36.11,6948445.0,65.18,44.7,20.801,13.272,18563.307,1.5,424.688,5.81,30.1,44.4,,7.454,75.05,0.813
BGR,Europe,Bulgaria,2020-07-20,8929.0,196.0,216.857,308.0,8.0,4.571,1285.036,28.208,31.209,44.326,1.151,0.658,1.11,34.0,4.893,610.0,87.789,,,,,206521.0,3155.0,29.722,0.454,4312.0,0.621,0.05,19.9,tests performed,36.11,6948445.0,65.18,44.7,20.801,13.272,18563.307,1.5,424.688,5.81,30.1,44.4,,7.454,75.05,0.813
BGR,Europe,Bulgaria,2020-07-21,9254.0,325.0,229.857,313.0,5.0,4.286,1331.809,46.773,33.08,45.046,0.72,0.617,1.11,34.0,4.893,624.0,89.804,,,,,215572.0,9051.0,31.024,1.303,5128.0,0.738,0.045,22.3,tests performed,36.11,6948445.0,65.18,44.7,20.801,13.272,18563.307,1.5,424.688,5.81,30.1,44.4,,7.454,75.05,0.813
BGR,Europe,Bulgaria,2020-07-22,9584.0,330.0,243.857,321.0,8.0,4.571,1379.301,47.493,35.095,46.197,1.151,0.658,1.1,31.0,4.461,622.0,89.516,,,,,,,,,4872.0,0.701,0.05,20.0,tests performed,36.11,6948445.0,65.18,44.7,20.801,13.272,18563.307,1.5,424.688,5.81,30.1,44.4,,7.454,75.05,0.813
BGR,Europe,Bulgaria,2020-07-23,9853.0,269.0,244.143,329.0,8.0,5.143,1418.015,38.714,35.136,47.349,1.151,0.74,1.09,24.0,3.454,642.0,92.395,,,,,221755.0,,31.914,,4543.0,0.654,0.054,18.6,tests performed,36.11,6948445.0,65.18,44.7,20.801,13.272,18563.307,1.5,424.688,5.81,30.1,44.4,,7.454,75.05,0.813
BGR,Europe,Bulgaria,2020-07-24,10123.0,270.0,240.143,337.0,8.0,5.714,1456.873,38.858,34.561,48.5,1.151,0.822,1.07,27.0,3.886,665.0,95.705,,,,,227668.0,5913.0,32.765,0.851,4456.0,0.641,0.054,18.6,tests performed,36.11,6948445.0,65.18,44.7,20.801,13.272,18563.307,1.5,424.688,5.81,30.1,44.4,,7.454,75.05,0.813
BGR,Europe,Bulgaria,2020-07-25,10312.0,189.0,239.143,338.0,1.0,5.571,1484.073,27.2,34.417,48.644,0.144,0.802,1.05,28.0,4.03,669.0,96.281,,,,,235792.0,8124.0,33.934,1.169,4918.0,0.708,0.049,20.6,tests performed,36.11,6948445.0,65.18,44.7,20.801,13.272,18563.307,1.5,424.688,5.81,30.1,44.4,,7.454,75.05,0.813
BGR,Europe,Bulgaria,2020-07-26,10427.0,115.0,242.0,340.0,2.0,5.714,1500.624,16.55,34.828,48.932,0.288,0.822,1.03,33.0,4.749,694.0,99.878,,,,,,,,,5156.0,0.742,0.047,21.3,tests performed,36.11,6948445.0,65.18,44.7,20.801,13.272,18563.307,1.5,424.688,5.81,30.1,44.4,,7.454,75.05,0.813
BGR,Europe,Bulgaria,2020-07-27,10621.0,194.0,241.714,347.0,7.0,5.571,1528.543,27.92,34.787,49.939,1.007,0.802,1.03,34.0,4.893,682.0,98.151,,,,,243126.0,,34.99,,5229.0,0.753,0.046,21.6,tests performed,36.11,6948445.0,65.18,44.7,20.801,13.272,18563.307,1.5,424.688,5.81,30.1,44.4,,7.454,75.05,0.813
BGR,Europe,Bulgaria,2020-07-28,10871.0,250.0,231.0,355.0,8.0,6.0,1564.523,35.979,33.245,51.091,1.151,0.864,1.03,39.0,5.613,686.0,98.727,,,,,248429.0,5303.0,35.753,0.763,4694.0,0.676,0.049,20.3,tests performed,36.11,6948445.0,65.18,44.7,20.801,13.272,18563.307,1.5,424.688,5.81,30.1,44.4,,7.454,75.05,0.813
BGR,Europe,Bulgaria,2020-07-29,11155.0,284.0,224.429,368.0,13.0,6.714,1605.395,40.872,32.299,52.961,1.871,0.966,1.02,40.0,5.757,699.0,100.598,,,,,254824.0,6395.0,36.674,0.92,5166.0,0.743,0.043,23.0,tests performed,36.11,6948445.0,65.18,44.7,20.801,13.272,18563.307,1.5,424.688,5.81,30.1,44.4,,7.454,75.05,0.813
BGR,Europe,Bulgaria,2020-07-30,11420.0,265.0,223.857,374.0,6.0,6.429,1643.533,38.138,32.217,53.825,0.864,0.925,1.01,37.0,5.325,722.0,103.908,,,,,261463.0,6639.0,37.629,0.955,5673.0,0.816,0.039,25.3,tests performed,36.11,6948445.0,65.18,44.7,20.801,13.272,18563.307,1.5,424.688,5.81,30.1,44.4,,7.454,75.05,0.813
BGR,Europe,Bulgaria,2020-07-31,11690.0,270.0,223.857,383.0,9.0,6.571,1682.391,38.858,32.217,55.12,1.295,0.946,1.0,34.0,4.893,751.0,108.082,,,,,267045.0,5582.0,38.432,0.803,5625.0,0.81,0.04,25.1,tests performed,41.67,6948445.0,65.18,44.7,20.801,13.272,18563.307,1.5,424.688,5.81,30.1,44.4,,7.454,75.05,0.813
BGR,Europe,Bulgaria,2020-08-01,11836.0,146.0,217.714,385.0,2.0,6.714,1703.403,21.012,31.333,55.408,0.288,0.966,0.98,42.0,6.045,778.0,111.967,,,,,271000.0,3955.0,39.002,0.569,5030.0,0.724,0.043,23.1,tests performed,41.67,6948445.0,65.18,44.7,20.801,13.272,18563.307,1.5,424.688,5.81,30.1,44.4,,7.454,75.05,0.813
BGR,Europe,Bulgaria,2020-08-02,11955.0,119.0,218.286,388.0,3.0,6.857,1720.529,17.126,31.415,55.84,0.432,0.987,0.97,43.0,6.188,793.0,114.126,,,,,272491.0,1491.0,39.216,0.215,4719.0,0.679,0.046,21.6,tests performed,41.67,6948445.0,65.18,44.7,20.801,13.272,18563.307,1.5,424.688,5.81,30.1,44.4,,7.454,75.05,0.813
BGR,Europe,Bulgaria,2020-08-03,12159.0,204.0,219.714,404.0,16.0,8.143,1749.888,29.359,31.621,58.143,2.303,1.172,0.97,46.0,6.62,814.0,117.149,,,,,276628.0,4137.0,39.811,0.595,4786.0,0.689,0.046,21.8,tests performed,41.67,6948445.0,65.18,44.7,20.801,13.272,18563.307,1.5,424.688,5.81,30.1,44.4,,7.454,75.05,0.813
BGR,Europe,Bulgaria,2020-08-04,12414.0,255.0,220.429,415.0,11.0,8.571,1786.587,36.699,31.723,59.726,1.583,1.234,0.97,43.0,6.188,823.0,118.444,,,,,281953.0,5325.0,40.578,0.766,4789.0,0.689,0.046,21.7,tests performed,38.89,6948445.0,65.18,44.7,20.801,13.272,18563.307,1.5,424.688,5.81,30.1,44.4,,7.454,75.05,0.813
BGR,Europe,Bulgaria,2020-08-05,12717.0,303.0,223.143,424.0,9.0,8.0,1830.194,43.607,32.114,61.021,1.295,1.151,0.96,41.0,5.901,847.0,121.898,,,,,,,,,4283.0,0.616,0.052,19.2,tests performed,38.89,6948445.0,65.18,44.7,20.801,13.272,18563.307,1.5,424.688,5.81,30.1,44.4,,7.454,75.05,0.813
BGR,Europe,Bulgaria,2020-08-06,13014.0,297.0,227.714,435.0,11.0,8.714,1872.937,42.743,32.772,62.604,1.583,1.254,0.95,44.0,6.332,872.0,125.496,,,,,287654.0,,41.398,,3742.0,0.539,0.061,16.4,tests performed,38.89,6948445.0,65.18,44.7,20.801,13.272,18563.307,1.5,424.688,5.81,30.1,44.4,,7.454,75.05,0.813
BGR,Europe,Bulgaria,2020-08-07,13209.0,195.0,217.0,442.0,7.0,8.429,1901.001,28.064,31.23,63.611,1.007,1.213,0.93,47.0,6.764,874.0,125.784,,,,,294087.0,6433.0,42.324,0.926,3863.0,0.556,0.056,17.8,tests performed,38.89,6948445.0,65.18,44.7,20.801,13.272,18563.307,1.5,424.688,5.81,30.1,44.4,,7.454,75.05,0.813
BGR,Europe,Bulgaria,2020-08-08,13343.0,134.0,215.286,445.0,3.0,8.571,1920.286,19.285,30.983,64.043,0.432,1.234,0.91,55.0,7.915,857.0,123.337,,,,,299924.0,5837.0,43.164,0.84,4132.0,0.595,0.052,19.2,tests performed,38.89,6948445.0,65.18,44.7,20.801,13.272,18563.307,1.5,424.688,5.81,30.1,44.4,,7.454,75.05,0.813
BGR,Europe,Bulgaria,2020-08-09,13396.0,53.0,205.857,447.0,2.0,8.429,1927.913,7.628,29.626,64.331,0.288,1.213,0.89,54.0,7.772,849.0,122.186,,,,,303536.0,3612.0,43.684,0.52,4435.0,0.638,0.046,21.5,tests performed,38.89,6948445.0,65.18,44.7,20.801,13.272,18563.307,1.5,424.688,5.81,30.1,44.4,,7.454,75.05,0.813
BGR,Europe,Bulgaria,2020-08-10,13512.0,116.0,193.286,459.0,12.0,7.857,1944.608,16.694,27.817,66.058,1.727,1.131,0.89,54.0,7.772,854.0,122.905,,,,,304811.0,1275.0,43.868,0.183,4026.0,0.579,0.048,20.8,tests performed,38.89,6948445.0,65.18,44.7,20.801,13.272,18563.307,1.5,424.688,5.81,30.1,44.4,,7.454,75.05,0.813
BGR,Europe,Bulgaria,2020-08-11,13722.0,210.0,186.857,471.0,12.0,8.0,1974.83,30.223,26.892,67.785,1.727,1.151,0.9,64.0,9.211,861.0,123.913,,,,,308478.0,3667.0,44.395,0.528,3789.0,0.545,0.049,20.3,tests performed,38.89,6948445.0,65.18,44.7,20.801,13.272,18563.307,1.5,424.688,5.81,30.1,44.4,,7.454,75.05,0.813
BGR,Europe,Bulgaria,2020-08-12,13893.0,171.0,168.0,482.0,11.0,8.286,1999.44,24.61,24.178,69.368,1.583,1.192,0.89,63.0,9.067,834.0,120.027,,,,,313866.0,5388.0,45.171,0.775,4152.0,0.598,0.04,24.7,tests performed,38.89,6948445.0,65.18,44.7,20.801,13.272,18563.307,1.5,424.688,5.81,30.1,44.4,,7.454,75.05,0.813
BGR,Europe,Bulgaria,2020-08-13,13893.0,0.0,125.571,482.0,0.0,6.714,1999.44,0.0,18.072,69.368,0.0,0.966,0.89,63.0,9.067,824.0,118.588,,,,,318974.0,5108.0,45.906,0.735,4474.0,0.644,0.028,35.6,tests performed,38.89,6948445.0,65.18,44.7,20.801,13.272,18563.307,1.5,424.688,5.81,30.1,44.4,,7.454,75.05,0.813
BGR,Europe,Bulgaria,2020-08-14,14243.0,350.0,147.714,492.0,10.0,7.143,2049.811,50.371,21.259,70.807,1.439,1.028,0.9,58.0,8.347,811.0,116.717,,,,,324851.0,5877.0,46.752,0.846,4395.0,0.633,0.034,29.8,tests performed,38.89,6948445.0,65.18,44.7,20.801,13.272,18563.307,1.5,424.688,5.81,30.1,44.4,,7.454,75.05,0.813
BGR,Europe,Bulgaria,2020-08-15,14333.0,90.0,141.429,495.0,3.0,7.143,2062.764,12.953,20.354,71.239,0.432,1.028,0.89,55.0,7.915,811.0,116.717,,,,,330785.0,5934.0,47.606,0.854,4409.0,0.635,0.032,31.2,tests performed,38.89,6948445.0,65.18,44.7,20.801,13.272,18563.307,1.5,424.688,5.81,30.1,44.4,,7.454,75.05,0.813
BGR,Europe,Bulgaria,2020-08-16,14365.0,32.0,138.429,498.0,3.0,7.286,2067.369,4.605,19.922,71.671,0.432,1.049,0.89,56.0,8.059,807.0,116.141,,,,,333530.0,2745.0,48.001,0.395,4285.0,0.617,0.032,31.0,tests performed,38.89,6948445.0,65.18,44.7,20.801,13.272,18563.307,1.5,424.688,5.81,30.1,44.4,,7.454,75.05,0.813
BGR,Europe,Bulgaria,2020-08-17,14500.0,135.0,141.143,512.0,14.0,7.571,2086.798,19.429,20.313,73.686,2.015,1.09,0.9,56.0,8.059,768.0,110.528,,,,,334311.0,781.0,48.113,0.112,4214.0,0.606,0.033,29.9,tests performed,38.89,6948445.0,65.18,44.7,20.801,13.272,18563.307,1.5,424.688,5.81,30.1,44.4,,7.454,75.05,0.813
BGR,Europe,Bulgaria,2020-08-18,14669.0,169.0,135.286,519.0,7.0,6.857,2111.12,24.322,19.47,74.693,1.007,0.987,0.91,61.0,8.779,782.0,112.543,,,,,339563.0,5252.0,48.869,0.756,4441.0,0.639,0.03,32.8,tests performed,38.89,6948445.0,65.18,44.7,20.801,13.272,18563.307,1.5,424.688,5.81,30.1,44.4,,7.454,75.05,0.813
BGR,Europe,Bulgaria,2020-08-19,14820.0,151.0,132.429,527.0,8.0,6.429,2132.851,21.731,19.059,75.844,1.151,0.925,0.91,60.0,8.635,752.0,108.226,,,,,343230.0,3667.0,49.397,0.528,4195.0,0.604,0.032,31.7,tests performed,38.89,6948445.0,65.18,44.7,20.801,13.272,18563.307,1.5,424.688,5.81,30.1,44.4,,7.454,75.05,0.813
BGR,Europe,Bulgaria,2020-08-20,14962.0,142.0,152.714,532.0,5.0,7.143,2153.288,20.436,21.978,76.564,0.72,1.028,0.92,63.0,9.067,766.0,110.24,,,,,351879.0,8649.0,50.641,1.245,4701.0,0.677,0.032,30.8,tests performed,38.89,6948445.0,65.18,44.7,20.801,13.272,18563.307,1.5,424.688,5.81,30.1,44.4,,7.454,75.05,0.813
BGR,Europe,Bulgaria,2020-08-21,15131.0,169.0,126.857,539.0,7.0,6.714,2177.61,24.322,18.257,77.571,1.007,0.966,0.92,73.0,10.506,734.0,105.635,,,,,358723.0,6844.0,51.626,0.985,4839.0,0.696,0.026,38.1,tests performed,38.89,6948445.0,65.18,44.7,20.801,13.272,18563.307,1.5,424.688,5.81,30.1,44.4,,7.454,75.05,0.813
BGR,Europe,Bulgaria,2020-08-22,15131.0,0.0,114.0,539.0,0.0,6.286,2177.61,0.0,16.407,77.571,0.0,0.905,0.92,74.0,10.65,743.0,106.93,,,,,365096.0,6373.0,52.544,0.917,4902.0,0.705,0.023,43.0,tests performed,38.89,6948445.0,65.18,44.7,20.801,13.272,18563.307,1.5,424.688,5.81,30.1,44.4,,7.454,75.05,0.813
BGR,Europe,Bulgaria,2020-08-23,15287.0,156.0,131.714,545.0,6.0,6.714,2200.061,22.451,18.956,78.435,0.864,0.966,0.94,74.0,10.65,745.0,107.218,,,,,368498.0,3402.0,53.033,0.49,4995.0,0.719,0.026,37.9,tests performed,38.89,6948445.0,65.18,44.7,20.801,13.272,18563.307,1.5,424.688,5.81,30.1,44.4,,7.454,75.05,0.813
BGR,Europe,Bulgaria,2020-08-24,15386.0,99.0,126.571,563.0,18.0,7.286,2214.308,14.248,18.216,81.025,2.591,1.049,0.95,65.0,9.355,714.0,102.757,,,,,370786.0,2288.0,53.362,0.329,5211.0,0.75,0.024,41.2,tests performed,38.89,6948445.0,65.18,44.7,20.801,13.272,18563.307,1.5,424.688,5.81,30.1,44.4,,7.454,75.05,0.813
BGR,Europe,Bulgaria,2020-08-25,15589.0,203.0,131.429,572.0,9.0,7.571,2243.524,29.215,18.915,82.321,1.295,1.09,0.96,64.0,9.211,715.0,102.901,,,,,374374.0,3588.0,53.879,0.516,4973.0,0.716,0.026,37.8,tests performed,38.89,6948445.0,65.18,44.7,20.801,13.272,18563.307,1.5,424.688,5.81,30.1,44.4,,7.454,75.05,0.813
BGR,Europe,Bulgaria,2020-08-26,15751.0,162.0,133.0,586.0,14.0,8.429,2266.838,23.315,19.141,84.335,2.015,1.213,0.96,60.0,8.635,741.0,106.643,,,,,384450.0,10076.0,55.329,1.45,5889.0,0.848,0.023,44.3,tests performed,38.89,6948445.0,65.18,44.7,20.801,13.272,18563.307,1.5,424.688,5.81,30.1,44.4,,7.454,75.05,0.813
BGR,Europe,Bulgaria,2020-08-27,15908.0,157.0,135.143,594.0,8.0,8.857,2289.433,22.595,19.449,85.487,1.151,1.275,0.96,65.0,9.355,726.0,104.484,,,,,,,,,5199.0,0.748,0.026,38.5,tests performed,38.89,6948445.0,65.18,44.7,20.801,13.272,18563.307,1.5,424.688,5.81,30.1,44.4,,7.454,75.05,0.813
BGR,Europe,Bulgaria,2020-08-28,16065.0,157.0,133.429,603.0,9.0,9.143,2312.028,22.595,19.203,86.782,1.295,1.316,0.96,59.0,8.491,712.0,102.469,,,,,392089.0,,56.428,,4767.0,0.686,0.028,35.7,tests performed,38.89,6948445.0,65.18,44.7,20.801,13.272,18563.307,1.5,424.688,5.81,30.1,44.4,,7.454,75.05,0.813
BGR,Europe,Bulgaria,2020-08-29,16164.0,99.0,147.571,605.0,2.0,9.429,2326.276,14.248,21.238,87.07,0.288,1.357,0.96,61.0,8.779,723.0,104.052,,,,,398426.0,6337.0,57.34,0.912,4761.0,0.685,0.031,32.3,tests performed,38.89,6948445.0,65.18,44.7,20.801,13.272,18563.307,1.5,424.688,5.81,30.1,44.4,,7.454,75.05,0.813
BGR,Europe,Bulgaria,2020-08-30,16190.0,26.0,129.0,613.0,8.0,9.714,2330.018,3.742,18.565,88.221,1.151,1.398,0.95,63.0,9.067,726.0,104.484,,,,,404683.0,6257.0,58.241,0.9,5169.0,0.744,0.025,40.1,tests performed,38.89,6948445.0,65.18,44.7,20.801,13.272,18563.307,1.5,424.688,5.81,30.1,44.4,,7.454,75.05,0.813
BGR,Europe,Bulgaria,2020-08-31,16266.0,76.0,125.714,629.0,16.0,9.429,2340.955,10.938,18.092,90.524,2.303,1.357,0.97,65.0,9.355,727.0,104.628,,,,,,,,,5152.0,0.741,0.024,41.0,tests performed,38.89,6948445.0,65.18,44.7,20.801,13.272,18563.307,1.5,424.688,5.81,30.1,44.4,,7.454,75.05,0.813
BGR,Europe,Bulgaria,2020-09-01,16454.0,188.0,123.571,642.0,13.0,10.0,2368.012,27.056,17.784,92.395,1.871,1.439,0.99,62.0,8.923,737.0,106.067,,,,,409013.0,,58.864,,4948.0,0.712,0.025,40.0,tests performed,38.89,6948445.0,65.18,44.7,20.801,13.272,18563.307,1.5,424.688,5.81,30.1,44.4,,7.454,75.05,0.813
BGR,Europe,Bulgaria,2020-09-02,16617.0,163.0,123.714,648.0,6.0,8.857,2391.47,23.458,17.805,93.258,0.864,1.275,1.0,63.0,9.067,758.0,109.089,,,,,415797.0,6784.0,59.84,0.976,4478.0,0.644,0.028,36.2,tests performed,38.89,6948445.0,65.18,44.7,20.801,13.272,18563.307,1.5,424.688,5.81,30.1,44.4,,7.454,75.05,0.813
BGR,Europe,Bulgaria,2020-09-03,16775.0,158.0,123.857,658.0,10.0,9.143,2414.209,22.739,17.825,94.697,1.439,1.316,1.0,61.0,8.779,764.0,109.953,,,,,421240.0,5443.0,60.624,0.783,4710.0,0.678,0.026,38.0,tests performed,38.89,6948445.0,65.18,44.7,20.801,13.272,18563.307,1.5,424.688,5.81,30.1,44.4,,7.454,75.05,0.813
BGR,Europe,Bulgaria,2020-09-04,16954.0,179.0,127.0,665.0,7.0,8.857,2439.97,25.761,18.277,95.705,1.007,1.275,1.0,56.0,8.059,763.0,109.809,,,,,428266.0,7026.0,61.635,1.011,5168.0,0.744,0.025,40.7,tests performed,38.89,6948445.0,65.18,44.7,20.801,13.272,18563.307,1.5,424.688,5.81,30.1,44.4,,7.454,75.05,0.813
BGR,Europe,Bulgaria,2020-09-05,17050.0,96.0,126.571,671.0,6.0,9.429,2453.786,13.816,18.216,96.568,0.864,1.357,0.99,57.0,8.203,755.0,108.657,,,,,436395.0,8129.0,62.805,1.17,5424.0,0.781,0.023,42.9,tests performed,38.89,6948445.0,65.18,44.7,20.801,13.272,18563.307,1.5,424.688,5.81,30.1,44.4,,7.454,75.05,0.813
BGR,Europe,Bulgaria,2020-09-06,17089.0,39.0,128.429,676.0,5.0,9.0,2459.399,5.613,18.483,97.288,0.72,1.295,0.99,54.0,7.772,766.0,110.24,,,,,441160.0,4765.0,63.49,0.686,5211.0,0.75,0.025,40.6,tests performed,38.89,6948445.0,65.18,44.7,20.801,13.272,18563.307,1.5,424.688,5.81,30.1,44.4,,7.454,75.05,0.813
BGR,Europe,Bulgaria,2020-09-07,17146.0,57.0,125.714,677.0,1.0,6.857,2467.602,8.203,18.092,97.432,0.144,0.987,1.0,53.0,7.628,773.0,111.248,,,,,,,,,5269.0,0.758,0.024,41.9,tests performed,38.89,6948445.0,65.18,44.7,20.801,13.272,18563.307,1.5,424.688,5.81,30.1,44.4,,7.454,75.05,0.813
BGR,Europe,Bulgaria,2020-09-08,17313.0,167.0,122.714,692.0,15.0,7.143,2491.637,24.034,17.661,99.591,2.159,1.028,1.02,57.0,8.203,762.0,109.665,,,,,446303.0,,64.231,,5327.0,0.767,0.023,43.4,tests performed,38.89,6948445.0,65.18,44.7,20.801,13.272,18563.307,1.5,424.688,5.81,30.1,44.4,,7.454,75.05,0.813
BGR,Europe,Bulgaria,2020-09-09,17435.0,122.0,116.857,702.0,10.0,7.714,2509.195,17.558,16.818,101.03,1.439,1.11,1.04,60.0,8.635,753.0,108.37,,,,,451448.0,5145.0,64.971,0.74,5093.0,0.733,0.023,43.6,tests performed,38.89,6948445.0,65.18,44.7,20.801,13.272,18563.307,1.5,424.688,5.81,30.1,44.4,,7.454,75.05,0.813
BGR,Europe,Bulgaria,2020-09-10,17598.0,163.0,117.571,706.0,4.0,6.857,2532.653,23.458,16.921,101.605,0.576,0.987,1.05,55.0,7.915,746.0,107.362,,,,,,,,,5026.0,0.723,0.023,42.7,tests performed,38.89,6948445.0,65.18,44.7,20.801,13.272,18563.307,1.5,424.688,5.81,30.1,44.4,,7.454,75.05,0.813
BGR,Europe,Bulgaria,2020-09-11,17799.0,201.0,120.714,713.0,7.0,6.857,2561.58,28.927,17.373,102.613,1.007,0.987,1.06,56.0,8.059,735.0,105.779,,,,,461403.0,,66.404,,4734.0,0.681,0.025,39.2,tests performed,38.89,6948445.0,65.18,44.7,20.801,13.272,18563.307,1.5,424.688,5.81,30.1,44.4,,7.454,75.05,0.813
BGR,Europe,Bulgaria,2020-09-12,17891.0,92.0,120.143,717.0,4.0,6.571,2574.821,13.24,17.291,103.189,0.576,0.946,1.06,53.0,7.628,736.0,105.923,,,,,463733.0,2330.0,66.739,0.335,3905.0,0.562,0.031,32.5,tests performed,38.89,6948445.0,65.18,44.7,20.801,13.272,18563.307,1.5,424.688,5.81,30.1,44.4,,7.454,75.05,0.813
BGR,Europe,Bulgaria,2020-09-13,17918.0,27.0,118.429,720.0,3.0,6.286,2578.706,3.886,17.044,103.62,0.432,0.905,1.06,53.0,7.628,740.0,106.499,,,,,,,,,3291.0,0.474,0.036,27.8,tests performed,38.89,6948445.0,65.18,44.7,20.801,13.272,18563.307,1.5,424.688,5.81,30.1,44.4,,7.454,75.05,0.813
BGR,Europe,Bulgaria,2020-09-14,18061.0,143.0,130.714,729.0,9.0,7.429,2599.287,20.58,18.812,104.916,1.295,1.069,1.08,49.0,7.052,730.0,105.059,,,,,464657.0,,66.872,,2989.0,0.43,0.044,22.9,tests performed,38.89,6948445.0,65.18,44.7,20.801,13.272,18563.307,1.5,424.688,5.81,30.1,44.4,,7.454,75.05,0.813
BGR,Europe,Bulgaria,2020-09-15,18216.0,155.0,129.0,736.0,7.0,6.286,2621.594,22.307,18.565,105.923,1.007,0.905,1.1,46.0,6.62,734.0,105.635,,,,,472132.0,7475.0,67.948,1.076,3690.0,0.531,0.035,28.6,tests performed,35.19,6948445.0,65.18,44.7,20.801,13.272,18563.307,1.5,424.688,5.81,30.1,44.4,,7.454,75.05,0.813
BGR,Europe,Bulgaria,2020-09-16,18390.0,174.0,136.429,739.0,3.0,5.286,2646.635,25.042,19.634,106.355,0.432,0.761,1.11,43.0,6.188,744.0,107.074,,,,,476967.0,4835.0,68.644,0.696,3646.0,0.525,0.037,26.7,tests performed,35.19,6948445.0,65.18,44.7,20.801,13.272,18563.307,1.5,424.688,5.81,30.1,44.4,,7.454,75.05,0.813
BGR,Europe,Bulgaria,2020-09-17,18544.0,154.0,135.143,749.0,10.0,6.143,2668.799,22.163,19.449,107.794,1.439,0.884,1.12,37.0,5.325,744.0,107.074,,,,,,,,,3353.0,0.483,0.04,24.8,tests performed,35.19,6948445.0,65.18,44.7,20.801,13.272,18563.307,1.5,424.688,5.81,30.1,44.4,,7.454,75.05,0.813
BGR,Europe,Bulgaria,2020-09-18,18733.0,189.0,133.429,753.0,4.0,5.714,2695.999,27.2,19.203,108.37,0.576,0.822,1.13,34.0,4.893,728.0,104.772,,,,,482823.0,,69.486,,3060.0,0.44,0.044,22.9,tests performed,35.19,6948445.0,65.18,44.7,20.801,13.272,18563.307,1.5,424.688,5.81,30.1,44.4,,7.454,75.05,0.813
BGR,Europe,Bulgaria,2020-09-19,18819.0,86.0,132.571,755.0,2.0,5.429,2708.376,12.377,19.079,108.657,0.288,0.781,1.13,37.0,5.325,723.0,104.052,,,,,491780.0,8957.0,70.776,1.289,4007.0,0.577,0.033,30.2,tests performed,35.19,6948445.0,65.18,44.7,20.801,13.272,18563.307,1.5,424.688,5.81,30.1,44.4,,7.454,75.05,0.813
BGR,Europe,Bulgaria,2020-09-20,18863.0,44.0,135.0,761.0,6.0,5.857,2714.708,6.332,19.429,109.521,0.864,0.843,1.14,35.0,5.037,718.0,103.332,,,,,,,,,4030.0,0.58,0.033,29.9,tests performed,35.19,6948445.0,65.18,44.7,20.801,13.272,18563.307,1.5,424.688,5.81,30.1,44.4,,7.454,75.05,0.813
BGR,Europe,Bulgaria,2020-09-21,19014.0,151.0,136.143,765.0,4.0,5.143,2736.44,21.731,19.593,110.097,0.576,0.74,1.17,33.0,4.749,714.0,102.757,,,,,493029.0,,70.955,,4053.0,0.583,0.034,29.8,tests performed,35.19,6948445.0,65.18,44.7,20.801,13.272,18563.307,1.5,424.688,5.81,30.1,44.4,,7.454,75.05,0.813
BGR,Europe,Bulgaria,2020-09-22,19123.0,109.0,129.571,767.0,2.0,4.429,2752.127,15.687,18.648,110.384,0.288,0.637,1.19,31.0,4.461,716.0,103.045,,,,,496017.0,2988.0,71.385,0.43,3412.0,0.491,0.038,26.3,tests performed,35.19,6948445.0,65.18,44.7,20.801,13.272,18563.307,1.5,424.688,5.81,30.1,44.4,,7.454,75.05,0.813
BGR,Europe,Bulgaria,2020-09-23,19283.0,160.0,127.571,779.0,12.0,5.714,2775.153,23.027,18.36,112.111,1.727,0.822,1.22,29.0,4.174,726.0,104.484,,,,,499066.0,3049.0,71.824,0.439,3157.0,0.454,0.04,24.7,tests performed,35.19,6948445.0,65.18,44.7,20.801,13.272,18563.307,1.5,424.688,5.81,30.1,44.4,,7.454,75.05,0.813
BGR,Europe,Bulgaria,2020-09-24,19573.0,290.0,147.0,785.0,6.0,5.143,2816.889,41.736,21.156,112.975,0.864,0.74,1.25,30.0,4.318,744.0,107.074,,,,,507451.0,8385.0,73.031,1.207,3937.0,0.567,0.037,26.8,tests performed,35.19,6948445.0,65.18,44.7,20.801,13.272,18563.307,1.5,424.688,5.81,30.1,44.4,,7.454,75.05,0.813
BGR,Europe,Bulgaria,2020-09-25,19828.0,255.0,156.429,789.0,4.0,5.143,2853.588,36.699,22.513,113.551,0.576,0.74,1.26,36.0,5.181,782.0,112.543,,,,,,,,,3879.0,0.558,0.04,24.8,tests performed,35.19,6948445.0,65.18,44.7,20.801,13.272,18563.307,1.5,424.688,5.81,30.1,44.4,,7.454,75.05,0.813
BGR,Europe,Bulgaria,2020-09-26,19997.0,169.0,168.286,789.0,0.0,4.857,2877.91,24.322,24.219,113.551,0.0,0.699,1.26,36.0,5.181,791.0,113.838,,,,,512498.0,,73.757,,2960.0,0.426,0.057,17.6,tests performed,35.19,6948445.0,65.18,44.7,20.801,13.272,18563.307,1.5,424.688,5.81,30.1,44.4,,7.454,75.05,0.813
BGR,Europe,Bulgaria,2020-09-27,20055.0,58.0,170.286,796.0,7.0,5.0,2886.257,8.347,24.507,114.558,1.007,0.72,1.27,41.0,5.901,794.0,114.27,,,,,515208.0,2710.0,74.147,0.39,3258.0,0.469,0.052,19.1,tests performed,35.19,6948445.0,65.18,44.7,20.801,13.272,18563.307,1.5,424.688,5.81,30.1,44.4,,7.454,75.05,0.813
BGR,Europe,Bulgaria,2020-09-28,20271.0,216.0,179.571,807.0,11.0,6.0,2917.343,31.086,25.843,116.141,1.583,0.864,1.29,42.0,6.045,780.0,112.255,,,,,516311.0,1103.0,74.306,0.159,3326.0,0.479,0.054,18.5,tests performed,35.19,6948445.0,65.18,44.7,20.801,13.272,18563.307,1.5,424.688,5.81,30.1,44.4,,7.454,75.05,0.813
BGR,Europe,Bulgaria,2020-09-29,20547.0,276.0,203.429,813.0,6.0,6.571,2957.064,39.721,29.277,117.005,0.864,0.946,1.32,44.0,6.332,814.0,117.149,,,,,519613.0,3302.0,74.781,0.475,3371.0,0.485,0.06,16.6,tests performed,35.19,6948445.0,65.18,44.7,20.801,13.272,18563.307,1.5,424.688,5.81,30.1,44.4,,7.454,75.05,0.813
BGR,Europe,Bulgaria,2020-09-30,20833.0,286.0,221.429,825.0,12.0,6.571,2998.225,41.16,31.867,118.732,1.727,0.946,1.33,44.0,6.332,837.0,120.459,,,,,524349.0,4736.0,75.463,0.682,3612.0,0.52,0.061,16.3,tests performed,35.19,6948445.0,65.18,44.7,20.801,13.272,18563.307,1.5,424.688,5.81,30.1,44.4,,7.454,75.05,0.813
BGR,Europe,Bulgaria,2020-10-01,20833.0,0.0,180.0,825.0,0.0,5.714,2998.225,0.0,25.905,118.732,0.0,0.822,1.34,47.0,6.764,857.0,123.337,,,,,529292.0,4943.0,76.174,0.711,3120.0,0.449,0.058,17.3,tests performed,35.19,6948445.0,65.18,44.7,20.801,13.272,18563.307,1.5,424.688,5.81,30.1,44.4,,7.454,75.05,0.813
BGR,Europe,Bulgaria,2020-10-02,21336.0,503.0,215.429,838.0,13.0,7.0,3070.615,72.39,31.004,120.603,1.871,1.007,1.38,50.0,7.196,887.0,127.654,,,,,534135.0,4843.0,76.871,0.697,3452.0,0.497,0.062,16.0,tests performed,35.19,6948445.0,65.18,44.7,20.801,13.272,18563.307,1.5,424.688,5.81,30.1,44.4,,7.454,75.05,0.813
BGR,Europe,Bulgaria,2020-10-03,21518.0,182.0,217.286,841.0,3.0,7.429,3096.808,26.193,31.271,121.034,0.432,1.069,1.38,54.0,7.772,912.0,131.252,,,,,538955.0,4820.0,77.565,0.694,3780.0,0.544,0.057,17.4,tests performed,35.19,6948445.0,65.18,44.7,20.801,13.272,18563.307,1.5,424.688,5.81,30.1,44.4,,7.454,75.05,0.813
BGR,Europe,Bulgaria,2020-10-04,21587.0,69.0,218.857,844.0,3.0,6.857,3106.738,9.93,31.497,121.466,0.432,0.987,1.39,56.0,8.059,917.0,131.972,,,,,541798.0,2843.0,77.974,0.409,3799.0,0.547,0.058,17.4,tests performed,35.19,6948445.0,65.18,44.7,20.801,13.272,18563.307,1.5,424.688,5.81,30.1,44.4,,7.454,75.05,0.813
BGR,Europe,Bulgaria,2020-10-05,21870.0,283.0,228.429,854.0,10.0,6.714,3147.467,40.729,32.875,122.905,1.439,0.966,1.43,59.0,8.491,930.0,133.843,,,,,543076.0,1278.0,78.158,0.184,3824.0,0.55,0.06,16.7,tests performed,35.19,6948445.0,65.18,44.7,20.801,13.272,18563.307,1.5,424.688,5.81,30.1,44.4,,7.454,75.05,0.813
BGR,Europe,Bulgaria,2020-10-06,22306.0,436.0,251.286,862.0,8.0,7.0,3210.215,62.748,36.164,124.057,1.151,1.007,1.46,57.0,8.203,971.0,139.743,,,,,546789.0,3713.0,78.692,0.534,3882.0,0.559,0.065,15.4,tests performed,35.19,6948445.0,65.18,44.7,20.801,13.272,18563.307,1.5,424.688,5.81,30.1,44.4,,7.454,75.05,0.813
BGR,Europe,Bulgaria,2020-10-07,22743.0,437.0,272.857,873.0,11.0,6.857,3273.106,62.892,39.269,125.64,1.583,0.987,1.48,53.0,7.628,1033.0,148.666,,,,,552220.0,5431.0,79.474,0.782,3982.0,0.573,0.069,14.6,tests performed,35.19,6948445.0,65.18,44.7,20.801,13.272,18563.307,1.5,424.688,5.81,30.1,44.4,,7.454,75.05,0.813
BGR,Europe,Bulgaria,2020-10-08,23259.0,516.0,346.571,880.0,7.0,7.857,3347.368,74.261,49.878,126.647,1.007,1.131,1.49,56.0,8.059,1063.0,152.984,,,,,556761.0,4541.0,80.127,0.654,3924.0,0.565,0.088,11.3,tests performed,35.19,6948445.0,65.18,44.7,20.801,13.272,18563.307,1.5,424.688,5.81,30.1,44.4,,7.454,75.05,0.813
BGR,Europe,Bulgaria,2020-10-09,23871.0,612.0,362.143,887.0,7.0,7.0,3435.445,88.077,52.119,127.654,1.007,1.007,1.5,58.0,8.347,1131.0,162.77,,,,,561970.0,5209.0,80.877,0.75,3976.0,0.572,0.091,11.0,tests performed,35.19,6948445.0,65.18,44.7,20.801,13.272,18563.307,1.5,424.688,5.81,30.1,44.4,,7.454,75.05,0.813
BGR,Europe,Bulgaria,2020-10-10,24319.0,448.0,400.143,891.0,4.0,7.143,3499.92,64.475,57.587,128.23,0.576,1.028,1.49,59.0,8.491,1189.0,171.117,,,,,568018.0,6048.0,81.747,0.87,4152.0,0.598,0.096,10.4,tests performed,35.19,6948445.0,65.18,44.7,20.801,13.272,18563.307,1.5,424.688,5.81,30.1,44.4,,7.454,75.05,0.813
BGR,Europe,Bulgaria,2020-10-11,24402.0,83.0,402.143,892.0,1.0,6.857,3511.865,11.945,57.875,128.374,0.144,0.987,1.49,62.0,8.923,1205.0,173.42,,,,,571813.0,3795.0,82.294,0.546,4288.0,0.617,0.094,10.7,tests performed,35.19,6948445.0,65.18,44.7,20.801,13.272,18563.307,1.5,424.688,5.81,30.1,44.4,,7.454,75.05,0.813
BGR,Europe,Bulgaria,2020-10-12,24989.0,587.0,445.571,915.0,23.0,8.714,3596.344,84.479,64.125,131.684,3.31,1.254,1.52,65.0,9.355,1221.0,175.723,,,,,573004.0,1191.0,82.465,0.171,4275.0,0.615,0.104,9.6,tests performed,35.19,6948445.0,65.18,44.7,20.801,13.272,18563.307,1.5,424.688,5.81,30.1,44.4,,7.454,75.05,0.813
BGR,Europe,Bulgaria,2020-10-13,25774.0,785.0,495.429,923.0,8.0,8.714,3709.319,112.975,71.301,132.835,1.151,1.254,1.54,64.0,9.211,1307.0,188.1,,,,,577324.0,4320.0,83.087,0.622,4362.0,0.628,0.114,8.8,tests performed,35.19,6948445.0,65.18,44.7,20.801,13.272,18563.307,1.5,424.688,5.81,30.1,44.4,,7.454,75.05,0.813
BGR,Europe,Bulgaria,2020-10-14,26593.0,819.0,550.0,929.0,6.0,8.0,3827.187,117.868,79.154,133.699,0.864,1.151,1.55,67.0,9.642,1380.0,198.606,,,,,583143.0,5819.0,83.924,0.837,4418.0,0.636,0.124,8.0,tests performed,35.19,6948445.0,65.18,44.7,20.801,13.272,18563.307,1.5,424.688,5.81,30.1,44.4,,7.454,75.05,0.813
BGR,Europe,Bulgaria,2020-10-15,27507.0,914.0,606.857,944.0,15.0,9.143,3958.727,131.54,87.337,135.858,2.159,1.316,1.55,74.0,10.65,1426.0,205.226,,,,,589041.0,5898.0,84.773,0.849,4611.0,0.664,0.132,7.6,tests performed,35.19,6948445.0,65.18,44.7,20.801,13.272,18563.307,1.5,424.688,5.81,30.1,44.4,,7.454,75.05,0.813
BGR,Europe,Bulgaria,2020-10-16,28505.0,998.0,662.0,958.0,14.0,10.143,4102.357,143.629,95.273,137.873,2.015,1.46,1.54,76.0,10.938,1450.0,208.68,,,,,595365.0,6324.0,85.683,0.91,4771.0,0.687,0.139,7.2,tests performed,35.19,6948445.0,65.18,44.7,20.801,13.272,18563.307,1.5,424.688,5.81,30.1,44.4,,7.454,75.05,0.813
BGR,Europe,Bulgaria,2020-10-17,29108.0,603.0,684.143,968.0,10.0,11.0,4189.139,86.782,98.46,139.312,1.439,1.583,1.53,79.0,11.369,1484.0,213.573,,,,,602807.0,7442.0,86.754,1.071,4970.0,0.715,0.138,7.3,tests performed,35.19,6948445.0,65.18,44.7,20.801,13.272,18563.307,1.5,424.688,5.81,30.1,44.4,,7.454,75.05,0.813
BGR,Europe,Bulgaria,2020-10-18,29503.0,395.0,728.714,986.0,18.0,13.429,4245.986,56.847,104.874,141.902,2.591,1.933,1.52,74.0,10.65,1500.0,215.876,,,,,607409.0,4602.0,87.417,0.662,5085.0,0.732,0.143,7.0,tests performed,35.19,6948445.0,65.18,44.7,20.801,13.272,18563.307,1.5,424.688,5.81,30.1,44.4,,7.454,75.05,0.813
BGR,Europe,Bulgaria,2020-10-19,30527.0,1024.0,791.143,1008.0,22.0,13.286,4393.357,147.371,113.859,145.068,3.166,1.912,1.54,88.0,12.665,1562.0,224.798,,,,,608990.0,1581.0,87.644,0.228,5141.0,0.74,0.154,6.5,tests performed,35.19,6948445.0,65.18,44.7,20.801,13.272,18563.307,1.5,424.688,5.81,30.1,44.4,,7.454,75.05,0.813
BGR,Europe,Bulgaria,2020-10-20,31863.0,1336.0,869.857,1019.0,11.0,13.714,4585.63,192.273,125.187,146.652,1.583,1.974,1.55,93.0,13.384,1633.0,235.017,,,,,613396.0,4406.0,88.278,0.634,5153.0,0.742,0.169,5.9,tests performed,35.19,6948445.0,65.18,44.7,20.801,13.272,18563.307,1.5,424.688,5.81,30.1,44.4,,7.454,75.05,0.813
BGR,Europe,Bulgaria,2020-10-21,33335.0,1472.0,963.143,1048.0,29.0,17.0,4797.476,211.846,138.613,150.825,4.174,2.447,1.55,107.0,15.399,1732.0,249.264,,,,,624901.0,11505.0,89.934,1.656,5965.0,0.858,0.161,6.2,tests performed,35.19,6948445.0,65.18,44.7,20.801,13.272,18563.307,1.5,424.688,5.81,30.1,44.4,,7.454,75.05,0.813
BGR,Europe,Bulgaria,2020-10-22,34930.0,1595.0,1060.429,1064.0,16.0,17.143,5027.024,229.548,152.614,153.128,2.303,2.467,1.55,112.0,16.119,1792.0,257.899,,,,,633639.0,8738.0,91.191,1.258,6371.0,0.917,0.166,6.0,tests performed,35.19,6948445.0,65.18,44.7,20.801,13.272,18563.307,1.5,424.688,5.81,30.1,44.4,,7.454,75.05,0.813
BGR,Europe,Bulgaria,2020-10-23,36519.0,1589.0,1144.857,1077.0,13.0,17.0,5255.708,228.684,164.765,154.999,1.871,2.447,1.53,127.0,18.277,1886.0,271.428,,,,,642677.0,9038.0,92.492,1.301,6759.0,0.973,0.169,5.9,tests performed,39.35,6948445.0,65.18,44.7,20.801,13.272,18563.307,1.5,424.688,5.81,30.1,44.4,,7.454,75.05,0.813
BGR,Europe,Bulgaria,2020-10-24,37562.0,1043.0,1207.714,1084.0,7.0,16.571,5405.814,150.106,173.811,156.006,1.007,2.385,1.52,138.0,19.861,1976.0,284.38,,,,,652508.0,9831.0,93.907,1.415,7100.0,1.022,0.17,5.9,tests performed,39.35,6948445.0,65.18,44.7,20.801,13.272,18563.307,1.5,424.688,5.81,30.1,44.4,,7.454,75.05,0.813
BGR,Europe,Bulgaria,2020-10-25,37889.0,327.0,1198.0,1094.0,10.0,15.429,5452.875,47.061,172.413,157.445,1.439,2.22,1.51,146.0,21.012,2036.0,293.015,,,,,659602.0,7094.0,94.928,1.021,7456.0,1.073,0.161,6.2,tests performed,39.35,6948445.0,65.18,44.7,20.801,13.272,18563.307,1.5,424.688,5.81,30.1,44.4,,7.454,75.05,0.813
BGR,Europe,Bulgaria,2020-10-26,40132.0,2243.0,1372.143,1136.0,42.0,18.286,5775.681,322.806,197.475,163.49,6.045,2.632,1.53,149.0,21.444,2130.0,306.543,,,,,661859.0,2257.0,95.253,0.325,7553.0,1.087,0.182,5.5,tests performed,39.35,6948445.0,65.18,44.7,20.801,13.272,18563.307,1.5,424.688,5.81,30.1,44.4,,7.454,75.05,0.813
BGR,Europe,Bulgaria,2020-10-27,42701.0,2569.0,1548.286,1161.0,25.0,20.286,6145.404,369.723,222.825,167.088,3.598,2.919,1.53,145.0,20.868,2217.0,319.064,,,,,669518.0,7659.0,96.355,1.102,8017.0,1.154,0.193,5.2,tests performed,39.35,6948445.0,65.18,44.7,20.801,13.272,18563.307,1.5,424.688,5.81,30.1,44.4,,7.454,75.05,0.813
BGR,Europe,Bulgaria,2020-10-28,45461.0,2760.0,1732.286,1197.0,36.0,21.286,6542.615,397.211,249.306,172.269,5.181,3.063,1.52,162.0,23.315,2316.0,333.312,,,,,680744.0,11226.0,97.971,1.616,7978.0,1.148,0.217,4.6,tests performed,39.35,6948445.0,65.18,44.7,20.801,13.272,18563.307,1.5,424.688,5.81,30.1,44.4,,7.454,75.05,0.813
BGR,Europe,Bulgaria,2020-10-29,48150.0,2689.0,1888.571,1225.0,28.0,23.0,6929.608,386.993,271.798,176.298,4.03,3.31,1.5,167.0,24.034,2376.0,341.947,,,,,690690.0,9946.0,99.402,1.431,8150.0,1.173,0.232,4.3,tests performed,48.15,6948445.0,65.18,44.7,20.801,13.272,18563.307,1.5,424.688,5.81,30.1,44.4,,7.454,75.05,0.813
BGR,Europe,Bulgaria,2020-10-30,51041.0,2891.0,2074.571,1254.0,29.0,25.286,7345.672,416.064,298.566,180.472,4.174,3.639,1.48,165.0,23.746,2447.0,352.165,,,,,702066.0,11376.0,101.039,1.637,8484.0,1.221,0.245,4.1,tests performed,48.15,6948445.0,65.18,44.7,20.801,13.272,18563.307,1.5,424.688,5.81,30.1,44.4,,7.454,75.05,0.813
BGR,Europe,Bulgaria,2020-10-31,52844.0,1803.0,2183.143,1279.0,25.0,27.857,7605.155,259.483,314.192,184.07,3.598,4.009,1.45,166.0,23.89,2612.0,375.911,,,,,714700.0,12634.0,102.858,1.818,8885.0,1.279,0.246,4.1,tests performed,48.15,6948445.0,65.18,44.7,20.801,13.272,18563.307,1.5,424.688,5.81,30.1,44.4,,7.454,75.05,0.813
BGR,Europe,Bulgaria,2020-11-01,54069.0,1225.0,2311.429,1298.0,19.0,29.143,7781.453,176.298,332.654,186.804,2.734,4.194,1.43,169.0,24.322,2680.0,385.698,,,,,721959.0,7259.0,103.902,1.045,8908.0,1.282,0.259,3.9,tests performed,48.15,6948445.0,65.18,44.7,20.801,13.272,18563.307,1.5,424.688,5.81,30.1,44.4,,7.454,75.05,0.813
BGR,Europe,Bulgaria,2020-11-02,56496.0,2427.0,2337.714,1349.0,51.0,30.429,8130.74,349.287,336.437,194.144,7.34,4.379,1.43,180.0,25.905,2841.0,408.868,,,,,727416.0,5457.0,104.688,0.785,9365.0,1.348,0.25,4.0,tests performed,48.15,6948445.0,65.18,44.7,20.801,13.272,18563.307,1.5,424.688,5.81,30.1,44.4,,7.454,75.05,0.813
BGR,Europe,Bulgaria,2020-11-03,60537.0,4041.0,2548.0,1412.0,63.0,35.857,8712.309,581.569,366.701,203.211,9.067,5.16,1.42,210.0,30.223,2922.0,420.526,,,,,735326.0,7910.0,105.826,1.138,9401.0,1.353,0.271,3.7,tests performed,48.15,6948445.0,65.18,44.7,20.801,13.272,18563.307,1.5,424.688,5.81,30.1,44.4,,7.454,75.05,0.813
BGR,Europe,Bulgaria,2020-11-04,64591.0,4054.0,2732.857,1466.0,54.0,38.429,9295.749,583.44,393.305,210.982,7.772,5.531,1.41,239.0,34.396,3191.0,459.239,,,,,746392.0,11066.0,107.419,1.593,9378.0,1.35,0.291,3.4,tests performed,48.15,6948445.0,65.18,44.7,20.801,13.272,18563.307,1.5,424.688,5.81,30.1,44.4,,7.454,75.05,0.813
BGR,Europe,Bulgaria,2020-11-05,68345.0,3754.0,2885.0,1518.0,52.0,41.857,9836.014,540.265,415.201,218.466,7.484,6.024,1.38,250.0,35.979,3424.0,492.772,,,,,759595.0,13203.0,109.319,1.9,9844.0,1.417,0.293,3.4,tests performed,48.15,6948445.0,65.18,44.7,20.801,13.272,18563.307,1.5,424.688,5.81,30.1,44.4,,7.454,75.05,0.813
BGR,Europe,Bulgaria,2020-11-06,72184.0,3839.0,3020.429,1576.0,58.0,46.0,10388.511,552.498,434.691,226.813,8.347,6.62,1.35,257.0,36.987,3563.0,512.777,,,,,770726.0,11131.0,110.921,1.602,9809.0,1.412,0.308,3.2,tests performed,48.15,6948445.0,65.18,44.7,20.801,13.272,18563.307,1.5,424.688,5.81,30.1,44.4,,7.454,75.05,0.813
BGR,Europe,Bulgaria,2020-11-07,74485.0,2301.0,3091.571,1632.0,56.0,50.429,10719.665,331.153,444.93,234.873,8.059,7.258,1.32,271.0,39.002,3715.0,534.652,,,,,784575.0,13849.0,112.914,1.993,9982.0,1.437,0.31,3.2,tests performed,48.15,6948445.0,65.18,44.7,20.801,13.272,18563.307,1.5,424.688,5.81,30.1,44.4,,7.454,75.05,0.813
BGR,Europe,Bulgaria,2020-11-08,75160.0,675.0,3013.0,1665.0,33.0,52.429,10816.809,97.144,433.622,239.622,4.749,7.545,1.3,272.0,39.145,3822.0,550.051,,,,,793277.0,8702.0,114.166,1.252,10188.0,1.466,0.296,3.4,tests performed,48.15,6948445.0,65.18,44.7,20.801,13.272,18563.307,1.5,424.688,5.81,30.1,44.4,,7.454,75.05,0.813
BGR,Europe,Bulgaria,2020-11-09,78976.0,3816.0,3211.429,1771.0,106.0,60.286,11365.996,549.188,462.179,254.877,15.255,8.676,1.3,270.0,38.858,4004.0,576.244,,,,,795428.0,2151.0,114.476,0.31,9716.0,1.398,0.331,3.0,tests performed,48.15,6948445.0,65.18,44.7,20.801,13.272,18563.307,1.5,424.688,5.81,30.1,44.4,,7.454,75.05,0.813
BGR,Europe,Bulgaria,2020-11-10,83366.0,4390.0,3261.286,1851.0,80.0,62.714,11997.792,631.796,469.355,266.391,11.513,9.026,1.29,280.0,40.297,4176.0,600.998,,,,,804254.0,8826.0,115.746,1.27,9847.0,1.417,0.331,3.0,tests performed,48.15,6948445.0,65.18,44.7,20.801,13.272,18563.307,1.5,424.688,5.81,30.1,44.4,,7.454,75.05,0.813
BGR,Europe,Bulgaria,2020-11-11,87311.0,3945.0,3245.714,1898.0,47.0,61.714,12565.545,567.753,467.114,273.155,6.764,8.882,1.27,276.0,39.721,4478.0,644.461,,,,,815322.0,11068.0,117.339,1.593,9847.0,1.417,0.33,3.0,tests performed,48.15,6948445.0,65.18,44.7,20.801,13.272,18563.307,1.5,424.688,5.81,30.1,44.4,,7.454,75.05,0.813
BGR,Europe,Bulgaria,2020-11-12,90725.0,3414.0,3197.143,1970.0,72.0,64.571,13056.878,491.333,460.124,283.517,10.362,9.293,1.26,284.0,40.872,4768.0,686.197,,,,,826152.0,10830.0,118.897,1.559,9508.0,1.368,0.336,3.0,tests performed,48.15,6948445.0,65.18,44.7,20.801,13.272,18563.307,1.5,424.688,5.81,30.1,44.4,,7.454,75.05,0.813
BGR,Europe,Bulgaria,2020-11-13,94937.0,4212.0,3250.429,2055.0,85.0,68.429,13663.057,606.179,467.792,295.75,12.233,9.848,1.24,288.0,41.448,4949.0,712.246,,,,,835037.0,8885.0,120.176,1.279,9187.0,1.322,0.354,2.8,tests performed,48.15,6948445.0,65.18,44.7,20.801,13.272,18563.307,1.5,424.688,5.81,30.1,44.4,,7.454,75.05,0.813
BGR,Europe,Bulgaria,2020-11-14,97435.0,2498.0,3278.571,2091.0,36.0,65.571,14022.562,359.505,471.842,300.931,5.181,9.437,1.23,295.0,42.456,5166.0,743.476,,,,,847450.0,12413.0,121.963,1.786,8982.0,1.293,0.365,2.7,tests performed,48.15,6948445.0,65.18,44.7,20.801,13.272,18563.307,1.5,424.688,5.81,30.1,44.4,,7.454,75.05,0.813
BGR,Europe,Bulgaria,2020-11-15,98251.0,816.0,3298.714,2130.0,39.0,66.429,14139.998,117.436,474.741,306.543,5.613,9.56,1.22,293.0,42.168,5247.0,755.133,,,,,853900.0,6450.0,122.891,0.928,8660.0,1.246,0.381,2.6,tests performed,48.15,6948445.0,65.18,44.7,20.801,13.272,18563.307,1.5,424.688,5.81,30.1,44.4,,7.454,75.05,0.813
BGR,Europe,Bulgaria,2020-11-16,101770.0,3519.0,3256.286,2282.0,152.0,73.0,14646.442,506.444,468.635,328.419,21.875,10.506,1.22,288.0,41.448,5353.0,770.388,,,,,856616.0,2716.0,123.282,0.391,8741.0,1.258,0.373,2.7,tests performed,48.15,6948445.0,65.18,44.7,20.801,13.272,18563.307,1.5,424.688,5.81,30.1,44.4,,7.454,75.05,0.813
BGR,Europe,Bulgaria,2020-11-17,106598.0,4828.0,3318.857,2413.0,131.0,80.286,15341.274,694.832,477.64,347.272,18.853,11.554,1.23,303.0,43.607,5463.0,786.219,,,,,864550.0,7934.0,124.424,1.142,8614.0,1.24,0.385,2.6,tests performed,48.15,6948445.0,65.18,44.7,20.801,13.272,18563.307,1.5,424.688,5.81,30.1,44.4,,7.454,75.05,0.813
BGR,Europe,Bulgaria,2020-11-18,110536.0,3938.0,3317.857,2530.0,117.0,90.286,15908.02,566.746,477.496,364.11,16.838,12.994,1.23,313.0,45.046,5629.0,810.109,,,,,876161.0,11611.0,126.095,1.671,8691.0,1.251,0.382,2.6,tests performed,48.15,6948445.0,65.18,44.7,20.801,13.272,18563.307,1.5,424.688,5.81,30.1,44.4,,7.454,75.05,0.813
BGR,Europe,Bulgaria,2020-11-19,114435.0,3899.0,3387.143,2649.0,119.0,97.0,16469.152,561.133,487.468,381.236,17.126,13.96,1.23,344.0,49.507,5878.0,845.945,,,,,886110.0,9949.0,127.526,1.432,8565.0,1.233,0.395,2.5,tests performed,48.15,6948445.0,65.18,44.7,20.801,13.272,18563.307,1.5,424.688,5.81,30.1,44.4,,7.454,75.05,0.813
BGR,Europe,Bulgaria,2020-11-20,118418.0,3983.0,3354.429,2778.0,129.0,103.286,17042.374,573.222,482.76,399.802,18.565,14.865,1.23,383.0,55.12,5942.0,855.155,,,,,896421.0,10311.0,129.01,1.484,8769.0,1.262,0.383,2.6,tests performed,48.15,6948445.0,65.18,44.7,20.801,13.272,18563.307,1.5,424.688,5.81,30.1,44.4,,7.454,75.05,0.813
BGR,Europe,Bulgaria,2020-11-21,120697.0,2279.0,3323.143,2820.0,42.0,104.143,17370.361,327.987,478.257,405.846,6.045,14.988,,408.0,58.718,6193.0,891.279,,,,,906207.0,9786.0,130.419,1.408,8394.0,1.208,0.396,2.5,tests performed,48.15,6948445.0,65.18,44.7,20.801,13.272,18563.307,1.5,424.688,5.81,30.1,44.4,,7.454,75.05,0.813
BGR,Europe,Bulgaria,2020-11-22,121820.0,1123.0,3367.0,2880.0,60.0,107.143,17531.98,161.619,484.569,414.481,8.635,15.42,,408.0,58.718,6350.0,913.874,,,,,911936.0,5729.0,131.243,0.825,8291.0,1.193,0.406,2.5,tests performed,48.15,6948445.0,65.18,44.7,20.801,13.272,18563.307,1.5,424.688,5.81,30.1,44.4,,7.454,75.05,0.813
BGR,Europe,Bulgaria,2020-11-23,124966.0,3146.0,3313.714,3069.0,189.0,112.429,17984.743,452.763,476.9,441.682,27.2,16.18,,399.0,57.423,6270.0,902.36,,,,,914723.0,2787.0,131.644,0.401,8301.0,1.195,0.399,2.5,tests performed,48.15,6948445.0,65.18,44.7,20.801,13.272,18563.307,1.5,424.688,5.81,30.1,44.4,,7.454,75.05,0.813
BGR,Europe,Bulgaria,2020-11-24,129348.0,4382.0,3250.0,3226.0,157.0,116.143,18615.388,630.645,467.731,464.277,22.595,16.715,,392.0,56.416,6365.0,916.032,,,,,921967.0,7244.0,132.687,1.043,8202.0,1.18,0.396,2.5,tests performed,48.15,6948445.0,65.18,44.7,20.801,13.272,18563.307,1.5,424.688,5.81,30.1,44.4,,7.454,75.05,0.813
BGR,Europe,Bulgaria,2020-11-25,133060.0,3712.0,3217.714,3367.0,141.0,119.571,19149.608,534.22,463.084,484.569,20.292,17.208,,410.0,59.006,6548.0,942.369,,,,,932441.0,10474.0,134.194,1.507,8040.0,1.157,0.4,2.5,tests performed,48.15,6948445.0,65.18,44.7,20.801,13.272,18563.307,1.5,424.688,5.81,30.1,44.4,,7.454,75.05,0.813
BGR,Europe,Bulgaria,2020-11-26,136628.0,3568.0,3170.429,3529.0,162.0,125.714,19663.104,513.496,456.279,507.883,23.315,18.092,,430.0,61.884,6655.0,957.768,,,,,941261.0,8820.0,135.464,1.269,7879.0,1.134,0.402,2.5,tests performed,48.15,6948445.0,65.18,44.7,20.801,13.272,18563.307,1.5,424.688,5.81,30.1,44.4,,7.454,75.05,0.813
BGR,Europe,Bulgaria,2020-11-27,139955.0,3327.0,3076.714,3680.0,151.0,128.857,20141.917,478.812,442.792,529.615,21.731,18.545,,436.0,62.748,6647.0,956.617,,,,,950354.0,9093.0,136.772,1.309,7705.0,1.109,0.399,2.5,tests performed,57.41,6948445.0,65.18,44.7,20.801,13.272,18563.307,1.5,424.688,5.81,30.1,44.4,,7.454,75.05,0.813
BGR,Europe,Bulgaria,2020-11-28,141747.0,1792.0,3007.143,3749.0,69.0,132.714,20399.816,257.899,432.779,539.545,9.93,19.1,,431.0,62.028,6830.0,982.954,,,,,959533.0,9179.0,138.093,1.321,7618.0,1.096,0.395,2.5,tests performed,57.41,6948445.0,65.18,44.7,20.801,13.272,18563.307,1.5,424.688,5.81,30.1,44.4,,7.454,75.05,0.813
BGR,Europe,Bulgaria,2020-11-29,142486.0,739.0,2952.286,3814.0,65.0,133.429,20506.171,106.355,424.884,548.9,9.355,19.203,,430.0,61.884,6869.0,988.567,,,,,964461.0,4928.0,138.802,0.709,7504.0,1.08,0.393,2.5,tests performed,57.41,6948445.0,65.18,44.7,20.801,13.272,18563.307,1.5,424.688,5.81,30.1,44.4,,7.454,75.05,0.813
BGR,Europe,Bulgaria,2020-11-30,145300.0,2814.0,2904.857,4035.0,221.0,138.0,20911.154,404.983,418.059,580.705,31.806,19.861,,,,,,,,,,966426.0,1965.0,139.085,0.283,7386.0,1.063,0.393,2.5,tests performed,,6948445.0,65.18,44.7,20.801,13.272,18563.307,1.5,424.688,5.81,30.1,44.4,,7.454,75.05,0.813
BGR,Europe,Bulgaria,2020-12-01,148775.0,3475.0,2775.286,4188.0,153.0,137.429,21411.265,500.112,399.411,602.725,22.019,19.778,,,,,,,,,,973251.0,6825.0,140.067,0.982,7326.0,1.054,0.379,2.6,tests performed,,6948445.0,65.18,44.7,20.801,13.272,18563.307,1.5,424.688,5.81,30.1,44.4,,7.454,75.05,0.813
BGR,Europe,Bulgaria,2020-12-02,151913.0,3138.0,2693.286,4347.0,159.0,140.0,21862.877,451.612,387.61,625.608,22.883,20.148,,,,,,,,,,982307.0,9056.0,141.371,1.303,7124.0,1.025,0.378,2.6,tests performed,,6948445.0,65.18,44.7,20.801,13.272,18563.307,1.5,424.688,5.81,30.1,44.4,,7.454,75.05,0.813
BGR,Europe,Bulgaria,2020-12-03,155193.0,3280.0,2652.143,4503.0,156.0,139.143,22334.925,472.048,381.689,648.059,22.451,20.025,,,,,,,,,,990785.0,8478.0,142.591,1.22,7075.0,1.018,0.375,2.7,tests performed,,6948445.0,65.18,44.7,20.801,13.272,18563.307,1.5,424.688,5.81,30.1,44.4,,7.454,75.05,0.813
BGR,Europe,Bulgaria,2020-12-04,158807.0,3614.0,2693.143,4650.0,147.0,138.571,22855.042,520.116,387.589,669.214,21.156,19.943,,,,,,,,,,999867.0,9082.0,143.898,1.307,7073.0,1.018,,,tests performed,,6948445.0,65.18,44.7,20.801,13.272,18563.307,1.5,424.688,5.81,30.1,44.4,,7.454,75.05,0.813